1,1,3010100,15495
1,25,2050000,14814
1,25,2020000,14409
1,25,2090000,11504
1,25,2060000,11343
1,25,2040000,14248
1,25,2080000,14906
1,25,2010100,14116
1,25,2030000,15093
1,25,2010200,11696
1,25,2070000,11837
1,15,98010000,14752
1,15,98020000,14905
1,15,98030000,14753
1,15,98080000,12767
1,15,98050000,14429
1,15,98090000,13973
1,15,98100000,13974
1,15,98130000,13854
1,15,98110000,14016
1,15,98040000,14754
1,15,98120000,14628
1,17,10380000,14680
1,17,10360000,14125
1,17,10350000,13733
1,17,10370000,12044
1,17,10340000,13732
1,43,2150000,13675
1,43,2220000,13668
1,43,2260300,13665
1,43,2240100,13828
1,43,2190000,14235
1,43,2160000,14254
1,43,2240300,13522
1,43,2250200,13826
1,43,2300000,13674
1,43,2180000,14089
1,43,2310000,13162
1,43,2290000,14700
1,43,2170000,13773
1,43,2260100,12874
1,43,2330000,13777
1,43,2210000,13666
1,43,2130000,13772
1,43,2140000,13776
1,43,2250100,13806
1,43,2230000,13667
1,43,2340000,15615
1,43,2200000,14253
1,43,2260400,13296
1,43,2350000,14701
1,43,2530000,15086
1,43,2470000,14868
1,43,2500000,13824
1,43,2510000,15616
1,43,2450200,14088
1,43,2480000,14802
1,43,2540000,15087
1,43,2460000,13825
1,43,2490000,15085
1,43,2520000,13780
1,41,1190100,15463
1,41,1210000,11720
1,43,2010000,15298
1,43,2050000,15535
1,43,2060000,13671
1,41,1180100,15368
1,41,1260000,15486
1,41,1220000,11721
1,41,1240000,12742
1,41,1250000,13823
1,41,1180200,12820
1,41,1200000,12741
1,41,1190200,12397
1,41,1230000,12396
1,43,2040000,13673
1,43,2070000,13669
1,43,2090000,14475
1,43,2110000,13827
1,43,2120000,13770
1,43,2030000,13672
1,43,2080000,14474
1,41,1180300,15408
1,67,97020000,15466
1,69,10080000,13655
1,69,10100000,13653
1,69,10040000,13786
1,69,10020000,14190
1,67,97030000,15761
1,67,97040000,16075
1,67,97010000,15335
1,69,10030000,13784
1,69,10090000,13654
1,69,10060000,13782
1,69,10050000,13781
1,69,10160000,13811
1,69,11040300,13813
1,69,11070000,13336
1,69,11010000,15709
1,69,11040100,13078
1,69,11090000,13338
1,69,10290000,12793
1,69,10210000,13783
1,69,10180000,13688
1,69,11100000,13500
1,69,10110000,13652
1,69,10190000,13809
1,69,10170000,13687
1,69,10200000,14261
1,69,10310000,12791
1,69,10260000,14688
1,69,10300000,12790
1,69,11020200,13461
1,69,11050000,13077
1,69,11060000,15710
1,69,10140000,13689
1,69,10120000,14165
1,69,10280000,12794
1,69,10250000,13787
1,69,11080000,13337
1,69,10270000,12792
1,69,10130000,14166
1,69,10220000,13785
1,69,11020100,14830
1,69,11030000,14694
1,69,11040200,13076
1,69,10230000,14191
1,37,5030000,15455
1,37,5020000,14719
1,37,5090000,11344
1,37,5110000,11940
1,37,5120000,11875
1,37,5130000,15456
1,37,5040000,11870
1,37,5070000,11871
1,37,5080000,11345
1,37,5100000,12284
1,37,5150000,14800
1,37,5060000,13890
1,37,5010000,13980
1,37,5050000,13255
1,37,5140000,13891
1,41,1100000,14000
1,41,1010000,14214
1,41,1080000,15410
1,41,1130400,15409
1,41,1150000,12395
1,41,1120000,13763
1,41,1160100,11723
1,41,1060000,14890
1,41,1160200,15707
1,41,1090000,15084
1,41,1130300,15064
1,41,1160300,14829
1,41,1040000,13821
1,41,1020200,13735
1,41,1130100,14215
1,41,1170000,16076
1,41,1050000,13736
1,41,1130200,13822
1,41,1030000,14444
1,41,1020100,14216
1,41,1070000,13737
1,41,1110000,15411
1,41,1130500,15729
1,41,1140000,12821
1,75,200000,15608
1,77,30000,13260
1,77,60000,12987
1,77,80000,13192
1,77,100000,13350
1,77,10000,13191
1,77,70000,13190
1,77,90000,13351
1,77,120000,13355
1,77,130000,13356
1,77,140100,13358
1,77,140200,13219
1,77,150100,13217
1,77,150200,13436
1,77,110000,13354
1,77,160000,13146
1,77,50000,13243
1,77,20000,13225
1,77,40000,13259
1,77,220200,13270
1,77,590200,12765
1,77,190000,13261
1,77,230200,14201
1,77,520000,14689
1,77,600200,14205
1,77,560200,12763
1,77,600100,14207
1,77,620100,13166
1,77,630200,15762
1,77,210000,13357
1,77,570100,13105
1,77,590100,12764
1,77,630300,12550
1,77,540000,15337
1,77,610100,13271
1,77,560100,13254
1,77,630400,13220
1,77,180000,13352
1,77,550100,12673
1,77,530000,13253
1,77,550200,14202
1,77,580000,12762
1,77,570300,14206
1,77,510000,14798
1,77,610200,13244
1,77,170000,13349
1,77,200000,13353
1,77,230100,13245
1,77,220100,13348
1,77,570200,14203
1,79,20140000,12957
1,77,940000,13224
1,77,680000,15534
1,79,20120000,12997
1,79,20030000,12999
1,77,690300,15340
1,77,640000,15468
1,77,660000,13221
1,77,910000,15167
1,77,920000,14204
1,77,650000,13222
1,77,670300,12857
1,77,950000,15168
1,77,670200,15339
1,79,20010000,12958
1,77,690200,15432
1,77,630500,13218
1,77,670100,13226
1,79,20040000,12538
1,79,20060000,12824
1,79,20050000,12536
1,79,20070000,12540
1,79,20080000,12539
1,79,20090000,12960
1,79,20100000,12959
1,77,930000,13165
1,79,20020000,12998
1,79,20110000,12956
1,79,20130000,13625
1,77,630600,13223
1,79,21120200,14811
1,79,21120300,15453
1,79,21040000,12327
1,79,21130200,14907
1,79,21130100,12391
1,79,21110100,12329
1,79,21140000,12952
1,79,21160000,12387
1,79,21170100,14908
1,79,21180000,12996
1,79,21120100,14799
1,79,21130400,14287
1,79,21030000,12551
1,79,21110200,15452
1,79,20150000,12902
1,79,21130300,15454
1,79,21170200,13658
1,79,21200000,13463
1,79,21210000,13423
1,79,21230000,12955
1,79,21190000,13657
1,79,21020000,12328
1,79,21060000,12827
1,79,21080000,12826
1,79,21220000,12954
1,79,21050000,14812
1,79,21150000,12953
1,79,21010000,14351
1,79,21100000,12325
1,79,21090000,12828
1,79,21070000,12326
1,79,20160000,13618
1,79,21390000,13622
1,79,21400000,12458
1,79,21410000,10720
1,79,21430000,13032
1,79,21550400,12338
1,79,21280000,13578
1,79,21530000,15480
1,79,21270000,13620
1,79,21380000,13272
1,79,21310000,12972
1,79,21320000,13621
1,79,21480000,10597
1,79,21370000,13001
1,79,21460000,12941
1,79,21470000,12942
1,79,21440000,10722
1,79,21450000,12537
1,79,21420000,12460
1,79,21360000,13000
1,79,21490000,12457
1,79,21500000,10723
1,79,21330000,13462
1,79,21510000,12459
1,79,21520000,12541
1,79,21540000,14588
1,79,21550200,12337
1,79,21550300,12646
1,79,21300000,13624
1,79,21290000,13623
1,79,21550100,13033
1,79,21560000,10721
1,79,21340000,13422
1,69,11110000,14192
1,69,11140000,13297
1,69,11150000,13298
1,69,11180000,14808
1,69,11120000,13814
1,69,11210000,13810
1,69,11240000,14794
1,69,11260000,14809
1,69,11290000,15483
1,69,11220000,13656
1,69,11160000,13141
1,69,11130000,13815
1,69,11200000,14042
1,69,11230000,14718
1,69,11270000,14810
1,69,11250000,13812
1,69,11170000,13169
1,69,11280000,15185
1,87,96030000,14459
1,87,96060000,15621
1,87,96080000,12965
1,87,96090000,12966
1,89,30010100,15987
1,87,96110000,15863
1,89,30010200,15874
1,87,96120000,15930
1,89,30010300,15834
1,89,30020000,15006
1,89,30030100,14305
1,89,30030400,15723
1,89,30040100,13121
1,89,30030200,13889
1,89,30030300,15633
1,87,96100000,12203
1,89,30040200,13099
1,89,30040300,12636
1,89,30050000,15402
1,87,96010000,15175
1,87,96070000,12964
1,89,30130200,15038
1,89,30120300,13095
1,89,30130100,15037
1,89,30120100,15399
1,89,30100000,15509
1,89,30080000,15627
1,89,30110000,15992
1,89,30090000,12702
1,89,30060000,13122
1,89,30070000,15626
1,89,30120200,12322
1,79,21590000,15759
1,79,21700100,14350
1,79,21600000,14397
1,79,21710000,14198
1,79,21720000,12860
1,79,21750000,12858
1,79,21770000,14197
1,81,30000,14720
1,79,21610000,14562
1,79,21570200,14396
1,81,40000,14721
1,79,21620000,14361
1,79,21690000,14845
1,79,21760000,14200
1,81,20000,14304
1,81,10000,13415
1,81,50000,13416
1,79,21700200,14196
1,79,21740000,12859
1,79,21650200,14194
1,79,21580000,14395
1,79,21780000,14199
1,79,21790000,14195
1,79,21730000,12825
1,81,60000,14300
1,81,80000,12651
1,79,21570100,13619
1,79,21640000,15043
1,79,21680000,14844
1,79,21670000,13789
1,79,21650100,13790
1,79,21660000,12926
1,81,1120000,14530
1,81,1050000,14378
1,81,1140000,12650
1,81,1160000,14323
1,81,100000,14322
1,81,1170000,14557
1,81,1130000,14245
1,81,1080000,16048
1,81,1060000,15129
1,81,1110000,13819
1,81,1070000,12658
1,81,1090000,16046
1,81,90000,14722
1,81,1100000,13818
1,93,95030000,13869
1,93,95010000,16050
1,93,95020000,15378
1,95,1420000,13168
1,95,1510000,14457
1,95,1520200,13193
1,95,1530000,13194
1,95,1440000,14704
1,95,1090000,13884
1,95,1450000,14733
1,95,1470000,14553
1,95,1050000,14263
1,95,1010000,15090
1,95,1020000,15089
1,95,1070000,14737
1,95,1410000,13233
1,95,1540000,15194
1,95,1550000,15380
1,95,1570000,15379
1,95,1560000,14076
1,95,1430000,14552
1,95,1580000,15193
1,95,1590100,15670
1,95,1590200,15671
1,93,95040000,13868
1,95,1130000,13883
1,95,1120000,14724
1,95,1110000,12930
1,95,1080000,14210
1,95,1030000,14262
1,95,1460000,14421
1,95,1100000,14264
1,95,1520100,14176
1,95,1060000,14736
1,95,1040000,14237
1,95,1600200,15669
1,95,1760300,14236
1,95,1770200,14735
1,95,1790100,14725
1,95,1650000,14551
1,95,1630000,14734
1,95,1670000,14079
1,95,1760100,14550
1,95,1770100,13236
1,95,1740200,13481
1,95,1620100,13235
1,95,1720000,13167
1,95,1780000,14239
1,95,1620200,14703
1,95,1710000,15195
1,95,1600100,13232
1,95,1680000,14078
1,95,1730000,14727
1,95,1790200,14726
1,95,1810000,14422
1,97,96010000,15176
1,95,1610000,14303
1,95,1660000,14080
1,95,1690000,13482
1,95,1750100,14666
1,95,1740100,13921
1,95,1760200,14238
1,95,1800100,14599
1,95,1750200,14728
1,95,1800200,14420
1,95,1700000,14077
1,95,1640000,13234
1,97,96150000,13579
1,97,96040000,15809
1,97,96160000,14037
1,97,96100000,13195
1,97,96090000,15013
1,97,96120000,14968
1,99,3030100,14131
1,97,96190000,14054
1,97,96170000,14038
1,97,96130000,14072
1,97,96140000,14039
1,97,96200000,15718
1,97,96240000,13197
1,97,96070000,15647
1,97,96030000,15801
1,99,3020000,16086
1,99,3030200,15676
1,99,3050200,15760
1,99,3060100,15952
1,99,3010000,16054
1,97,96060000,15717
1,97,96080000,15012
1,97,96110000,13196
1,97,96210000,15350
1,97,96220000,15160
1,97,96180000,15548
1,99,3040000,15988
1,99,3050100,15924
1,97,96050000,15716
1,97,96230000,15231
1,97,96020000,15800
1,119,99070000,15292
1,119,99030000,13969
1,119,99060000,15293
1,115,3210000,15439
1,115,3220000,15440
1,115,3230000,15320
1,119,99010000,14069
1,119,99050000,15291
1,115,3250000,15029
1,115,3280000,15050
1,115,3240000,14910
1,115,3260000,14732
1,115,3290200,14438
1,119,99040000,15284
1,115,3270000,15547
1,115,3290100,14437
1,119,99020000,15354
1,127,96060000,15525
1,127,96070000,13955
1,127,96050000,15451
1,127,96010000,15285
1,127,96100000,15232
1,127,96110000,14699
1,127,96130000,15666
1,127,96020000,15450
1,127,96030000,15526
1,127,96040000,13954
1,127,96080000,14577
1,127,96090000,14672
1,127,96120000,16053
1,127,96140000,15554
1,131,40010000,16239
1,131,40030000,14558
1,131,40020000,13256
1,131,40070000,13230
1,131,40050000,14989
1,131,40040000,13523
1,131,40060000,13727
1,133,2022000,14545
1,133,2031000,14671
1,133,2092200,12728
1,133,2042000,15142
1,133,2032000,15553
1,133,2010000,13231
1,133,2021000,15141
1,133,2041000,15888
1,107,20000,14066
1,103,95030000,12839
1,107,50000,14135
1,107,60000,14134
1,107,70000,14267
1,107,100000,16085
1,107,30000,13972
1,107,110000,15173
1,107,120000,15396
1,107,130000,14415
1,107,140000,14807
1,103,95060000,15164
1,103,95080000,12424
1,107,150000,15748
1,103,95050000,13119
1,107,160000,15747
1,107,80000,14136
1,107,90000,16084
1,103,95010000,15835
1,103,95020000,15460
1,103,95090000,15415
1,103,95070000,12423
1,107,10000,14603
1,107,40000,14163
1,107,380000,13982
1,109,98020000,14426
1,109,98010000,15394
1,109,98030000,14212
1,109,98050000,14242
1,109,98060000,14211
1,107,390000,13885
1,107,320000,13981
1,109,98070000,15395
1,107,220000,14308
1,107,280000,14067
1,107,270000,14091
1,107,290000,15555
1,109,98040000,16083
1,107,230000,14309
1,107,190000,14181
1,107,210000,15750
1,107,260000,14090
1,107,330000,13867
1,107,240000,14307
1,107,350000,15895
1,107,250000,13788
1,107,180000,14182
1,107,170000,13865
1,107,200000,15749
1,107,300000,14805
1,107,310000,13866
1,107,340000,15989
1,107,360000,13886
1,107,370000,15990
1,113,98010000,15438
1,113,98020000,15862
1,115,3200000,15529
2,1,3010200,13957
2,1,3090000,12971
2,1,3100000,15103
2,1,3110100,14649
2,1,3080000,14901
2,1,3110200,14673
2,11,1090400,12384
2,11,1020000,15011
2,11,1030200,13792
2,11,1010000,13928
2,11,1110000,13627
2,11,1030100,14821
2,11,1100000,12405
2,11,1090500,12503
2,11,1060000,14825
2,11,1050000,13393
2,11,1090300,12369
2,11,1040000,13391
2,11,1390000,13870
2,11,1410000,14955
2,11,1240000,13360
2,11,1290000,12136
2,11,1300000,13648
2,11,1340200,13904
2,11,1270000,12568
2,11,1370000,12099
2,11,1340100,13903
2,11,1360000,12596
2,11,1400000,12513
2,11,1320000,14446
2,11,1310000,14312
2,11,1350000,13089
2,11,1380000,14003
2,11,1330000,13392
2,11,1420000,14956
2,17,10010200,14221
2,17,10010300,13937
2,17,10580900,11766
2,17,10590000,14099
2,17,10581100,11769
2,17,10581000,11475
2,17,10580600,14098
2,17,10581200,12213
2,17,10580500,12214
2,17,10580800,11923
2,17,10580700,11476
2,17,10030200,14220
2,17,10030700,12281
2,17,10040400,11931
2,17,10020100,13901
2,17,10040800,13185
2,17,10050000,14193
2,17,10060000,14219
2,17,10030600,11935
2,17,10040100,11928
2,17,10021000,11932
2,17,10070000,11936
2,17,10010400,13936
2,17,10020600,11930
2,17,10020700,11934
2,17,10021200,11929
2,17,10030300,15133
2,17,10010500,12094
2,17,10020900,12272
2,17,10021100,12219
2,17,10030400,11933
2,17,10040700,11778
2,17,10080300,13186
2,17,10080400,11774
2,17,10080700,11474
2,17,10080800,11623
2,17,10040600,11767
2,17,10040300,14100
2,17,10020800,13935
2,17,10040200,11904
2,17,10080500,12216
2,17,10080900,11926
2,17,10081000,10842
2,17,10150400,13177
2,17,10161000,13152
2,17,10200400,13853
2,17,10210300,12581
2,17,10140300,13184
2,17,10150500,11768
2,17,10210200,11561
2,17,10150600,11596
2,17,10160900,13264
2,17,10210400,13227
2,17,10081100,12217
2,17,10140400,12215
2,17,10140500,12218
2,17,10160300,14028
2,17,10110000,10841
2,17,10140100,13902
2,17,10120000,11775
2,17,10160700,13489
2,17,10180300,14339
2,17,10180400,14340
2,17,10160800,11922
2,17,10170000,11889
2,17,10160500,13490
2,17,10130000,11597
2,17,10090000,10840
2,17,10150300,13178
2,17,10161100,14341
2,17,10180200,14338
2,17,10190000,12505
2,17,10200200,12504
2,17,10200300,14234
2,17,10280100,14679
2,17,10420000,15116
2,17,10450100,12588
2,17,10310200,12045
2,17,10270000,14698
2,17,10300200,11779
2,17,10450200,13179
2,17,10460100,12275
2,17,10460300,11483
2,17,10460400,11528
2,17,10290000,12935
2,17,10300100,11276
2,17,10410000,11562
2,17,10310300,11608
2,17,10430000,15117
2,17,10330000,11519
2,17,10400000,13852
2,17,10280200,14681
2,17,10260000,15119
2,17,10230000,12934
2,17,10390000,14650
2,17,10470300,12092
2,17,10570400,15134
2,17,10570200,14097
2,17,10501000,11624
2,17,10550100,14174
2,17,10580100,12095
2,17,10501100,12096
2,17,10490200,13149
2,17,10500400,11908
2,17,10500700,11622
2,17,10510000,13629
2,17,10540000,14337
2,17,10500600,12097
2,17,10500300,11621
2,17,10500800,13151
2,17,10550300,11927
2,17,10520200,13263
2,43,2390000,13778
2,43,2400100,14472
2,43,2400200,15205
2,43,2360000,12775
2,43,2270000,13775
2,43,2280000,13774
2,43,2370000,14473
2,43,2380000,13779
2,43,2410300,14684
2,43,2410100,14806
2,43,2450300,13704
2,43,2420000,15187
2,43,2430000,13670
2,43,2440000,13762
2,43,2410200,15746
2,75,30000,13455
2,75,40000,13454
2,75,50000,13459
2,75,220000,13075
2,75,10000,13457
2,75,240000,15297
2,75,270100,13004
2,75,210000,15336
2,75,270200,13051
2,75,280000,15229
2,75,20000,13460
2,75,230000,15667
2,75,250000,12346
2,75,260000,13458
2,75,330000,13456
2,75,360000,13215
2,75,350000,13216
2,75,420000,15461
2,75,320000,15200
2,75,380000,15910
2,75,410000,15462
2,75,400000,14695
2,75,370000,13003
2,77,620200,15338
2,77,700000,15433
2,77,690400,15431
2,71,1060000,13896
2,71,1080200,14353
2,71,1110000,15007
2,71,1150200,15751
2,71,1030000,14439
2,71,1050200,12733
2,71,1050100,14310
2,71,1080100,14347
2,71,1100000,14952
2,71,1090000,13662
2,91,20030500,15342
2,91,20010400,14246
2,91,20010500,15213
2,91,20031000,14065
2,91,20040100,14129
2,91,20010300,15344
2,91,20030700,13269
2,91,20020000,13606
2,91,20040200,15313
2,91,20050500,15341
2,91,20030600,15343
2,91,20010600,14324
2,91,20030900,13450
2,91,20050100,15434
2,91,20030100,12455
2,91,20030800,13304
2,91,20150100,15214
2,91,20150200,14500
2,91,20220200,14874
2,91,20230200,13720
2,91,20260400,12843
2,91,20170600,14504
2,91,20240200,14873
2,91,20260200,13591
2,91,20190200,14871
2,91,20160600,13645
2,91,20210000,13595
2,91,20230100,13722
2,91,20170300,13647
2,91,20250000,15217
2,91,20260300,12951
2,91,20160300,13305
2,91,20170500,12988
2,91,20180000,12842
2,91,20240100,15147
2,91,20160800,13419
2,91,20160700,13646
2,91,20200000,14913
2,91,20190100,14911
2,91,20220100,14938
2,91,20430000,12943
2,91,20450000,13536
2,91,20760000,15218
2,91,20780000,16049
2,101,1660000,16138
2,101,1510000,16136
2,101,1610000,13510
2,101,1690100,14283
2,101,1700000,15028
2,101,1680000,14747
2,101,1590000,14587
2,101,1690200,14329
2,101,1580000,13515
2,101,1600000,13505
2,101,1530000,13503
2,101,1670000,16139
2,101,1710000,14328
2,101,1720000,14327
2,101,1730000,15027
2,101,1740000,15025
2,101,1750000,14749
2,101,1760100,14876
2,101,1540000,13508
2,101,1560000,15612
2,101,1760200,14875
2,101,1770000,14877
2,101,1780000,14284
2,101,1790000,16137
2,101,1620000,13502
2,101,1550000,13504
2,101,1630000,12873
2,101,1650000,14745
2,101,1640000,12872
2,101,1500000,14460
2,101,1520000,15620
2,101,1570000,13511
2,91,20910000,14316
2,91,20830200,13525
2,91,20840000,12770
2,91,20820300,15220
2,91,20820400,14590
2,91,20820100,15039
2,91,20830100,12769
2,101,320000,14045
2,101,60000,14632
2,101,160000,13553
2,101,200000,13554
2,101,240000,14044
2,101,250000,12472
2,101,300000,14050
2,101,40000,15649
2,101,80000,15537
2,101,110000,13548
2,101,120000,15538
2,101,70000,15650
2,101,150000,13551
2,101,220000,13556
2,101,10000,13633
2,101,50000,14615
2,101,100000,14633
2,101,130000,15303
2,101,140000,13550
2,101,210000,13559
2,101,230000,12740
2,101,20000,14614
2,101,180000,13557
2,101,190000,13552
2,101,90000,13520
2,101,260000,14583
2,101,170000,12467
2,101,30000,14566
2,101,270000,12473
2,101,290000,14049
2,101,280000,14048
2,101,310000,14046
2,101,330000,15305
2,101,340000,15304
2,101,460000,15540
2,101,370100,14051
2,101,370200,15332
2,101,390200,15447
2,101,430000,13864
2,101,470000,15556
2,101,450000,12837
2,101,480000,15333
2,101,400100,14053
2,101,510000,15299
2,101,400200,12818
2,101,350000,15306
2,101,360000,15613
2,101,380000,15496
2,101,490000,14584
2,101,390100,12813
2,101,500000,14585
2,101,890000,15539
2,101,880000,12625
2,101,900000,15588
2,101,910000,15610
2,101,860000,14612
2,101,1160000,15416
2,101,1170000,14893
2,101,1070000,14277
2,101,1180000,13501
2,101,1100000,14275
2,101,1200000,14892
2,101,1040000,13958
2,101,1080000,14606
2,101,920000,14609
2,101,1120000,14276
2,101,1130000,13513
2,101,1190000,13506
2,101,1010000,14270
2,101,1030000,13959
2,101,1210000,14950
2,101,1220000,14949
2,101,950000,13963
2,101,1020000,14292
2,101,1230000,15640
2,101,930000,14516
2,101,1150000,13514
2,101,1140000,13512
2,101,1090000,14515
2,101,1060000,14293
2,101,1110000,14273
2,101,1000000,15619
2,101,1050000,13961
2,101,1370000,13636
2,101,1270000,13634
2,101,1340000,14514
2,101,1260000,14608
2,101,1390000,14278
2,101,1350000,14294
2,101,1240000,14492
2,101,1440000,14274
2,101,1400000,12469
2,101,1320000,13962
2,101,1420000,14495
2,101,1460000,15611
2,101,1470000,13509
2,101,1430000,14087
2,101,1480000,13507
2,101,1300000,13632
2,101,1330000,13960
2,101,1290000,14607
2,101,1280000,13635
2,101,1250000,14491
2,101,1380000,14271
2,101,1310000,12471
2,101,1450000,14272
2,101,1410000,12470
2,101,1490000,12468
2,101,1360000,13637
2,133,110000,15706
2,133,120000,13369
2,133,140000,14568
2,133,150000,14658
2,133,60000,13367
2,133,20000,14180
2,133,10000,13368
2,133,30000,14569
2,133,50000,14177
2,133,80000,13995
2,133,130000,13365
2,133,160000,13996
2,133,1011000,14149
2,133,1012000,13705
2,133,1013000,14179
2,133,70000,13498
2,133,1021000,14682
2,133,1022000,14683
2,133,1030000,15181
2,133,1040000,13569
2,133,1052000,13993
2,133,2072000,14940
2,133,2142000,13364
2,133,2080000,13420
2,133,2160000,13499
2,133,2171100,15192
2,133,2171200,13570
2,133,2051000,15705
2,133,2052100,13414
2,133,2092100,14670
2,133,2110000,13198
2,133,2121000,15159
2,133,2130000,13371
2,133,2141000,13706
2,133,2060000,15872
2,133,2102000,14939
2,133,2190000,15366
2,133,2101000,15543
2,133,2091000,15737
2,133,2052200,15508
2,133,2230000,14990
2,133,2330000,14657
2,133,2340000,15982
2,133,2360000,15704
2,133,2350000,15623
2,101,2070000,14368
2,101,2080000,12624
2,101,1850000,13445
2,101,1840000,15365
2,101,1860000,13638
2,101,1890000,13330
2,101,1910000,12618
2,101,1880000,14282
2,101,2000000,14878
2,101,2040000,13320
2,101,1830000,14493
2,101,1870000,14281
2,101,1980000,13323
2,101,2050000,13325
2,101,2060000,13321
2,101,1820000,15363
2,101,1970000,13322
2,101,1930000,12474
2,101,1950000,13329
2,101,1990000,14748
2,101,2020000,15026
2,101,2030000,14330
2,101,1920000,12619
2,101,1900000,15443
2,101,1960000,14332
2,101,1940000,14333
2,101,1810000,15364
2,101,1800000,14746
2,101,2010000,13326
2,101,2330000,12786
2,101,2370000,12785
2,101,2400000,14185
2,101,2410000,13497
2,101,2420000,14184
2,101,2360000,14826
2,101,2430000,14188
2,101,2380000,12852
2,101,2510000,14146
2,101,2540000,12620
2,101,2550000,13769
2,101,2590000,14831
2,101,2450000,13607
2,101,2600000,14833
2,101,2620000,13564
2,101,2700000,13565
2,101,2710000,15804
2,101,2660000,14922
2,101,2630200,14837
2,101,2720000,15719
2,101,2730000,13603
2,101,2460000,12721
2,101,2740000,12720
2,101,2520000,13563
2,101,2480000,13600
2,101,2560000,14838
2,101,2630100,14834
2,101,2610000,13767
2,101,2490000,14145
2,101,2640000,15122
2,101,2650000,14266
2,101,2670000,12784
2,101,2470000,13597
2,101,2580000,14836
2,101,2680000,14948
2,101,2690000,14947
2,101,2440000,14189
2,101,2500000,14147
2,101,2530000,12787
2,101,2950000,13327
2,101,2960000,13328
2,101,2800000,12623
2,101,2970000,15653
2,101,2980000,14379
2,101,2990000,14380
2,101,3000000,13950
2,101,3030000,14880
2,101,3040000,14882
2,101,2780000,12622
2,101,2910000,13602
2,101,2870000,14331
2,101,2940000,13324
2,101,3010000,15441
2,101,2880000,13598
2,101,3020000,13949
2,101,3050000,14929
2,101,3060000,14290
2,101,2810000,12840
2,101,2760000,13567
2,101,2770000,12621
2,101,2840000,14690
2,101,2890000,13630
2,101,2850000,15446
2,101,2920000,15445
2,101,2930000,15442
2,101,2750000,13566
2,101,2820000,13631
2,101,2860000,14183
2,101,2790000,13568
2,101,2830000,14334
2,101,3330000,15278
2,101,3360000,15277
2,101,3340000,15279
2,101,3380000,15296
2,101,3200000,14186
2,101,3150000,12739
2,101,3240000,13860
2,101,3100000,15580
2,101,3280000,13863
2,101,3080000,14879
2,101,3130000,15581
2,101,3070000,15425
2,101,3190000,13952
2,101,3260000,14883
2,101,3300000,14381
2,101,3230000,14693
2,101,3350000,15582
2,101,3370000,15295
2,101,3090000,14881
2,101,3220000,15652
2,101,3170000,13951
2,101,3250000,14187
2,101,3160000,13714
2,101,3210000,14692
2,101,3270000,13861
2,101,3290000,14382
2,101,3310000,12737
2,101,3320000,12851
2,101,3140000,15583
2,101,3420000,14832
2,101,3610000,14073
2,101,3620100,13766
2,101,3390000,15424
2,101,3410000,15423
2,101,3510000,13862
2,101,3530100,15334
2,101,3540000,12730
2,101,3620200,14075
2,101,3620300,14835
2,101,3490000,14762
2,101,3550000,15426
2,101,3630100,15927
2,101,3570000,14976
2,101,3630200,14074
2,101,3630300,15926
2,101,3520000,14526
2,101,3400000,15276
2,101,3480100,14761
2,101,3440000,15422
2,101,3450000,14850
2,101,3480200,15428
2,101,3560000,15421
2,101,3580000,14975
2,101,3480300,13768
2,101,3590000,15444
2,101,3530200,15427
2,101,3430000,14852
2,101,3600000,12729
2,101,3640000,15925
2,101,3650000,15420
2,101,3660000,15362
3,1,3120300,14625
3,1,3050000,12286
3,1,3060000,12287
3,1,3070000,12377
3,1,3130000,12244
3,1,3120100,14648
3,1,3120200,14674
3,1,3020000,15430
3,11,10000,12615
3,11,40000,12389
3,11,50000,12535
3,11,140000,13626
3,11,150000,12100
3,11,160000,12613
3,11,90000,12390
3,11,180000,12511
3,11,120000,12612
3,11,190000,12616
3,11,60000,12382
3,11,20000,12141
3,11,200000,12533
3,11,210000,12532
3,11,220000,12526
3,11,70000,12383
3,11,30000,14289
3,11,80000,12378
3,11,100000,13628
3,11,110000,13131
3,11,130000,12590
3,11,170000,12614
3,11,1120000,13847
3,11,1150000,12480
3,11,1090200,12524
3,11,1160200,13341
3,11,1160300,13846
3,11,1190100,12660
3,11,290000,15413
3,11,1070000,14445
3,11,1170200,15080
3,11,1170300,14249
3,11,1080000,14398
3,11,1130000,12101
3,11,1140000,12530
3,11,1180000,13133
3,11,1160100,12661
3,11,260000,12523
3,11,1170100,15412
3,11,250000,13848
3,11,230000,12406
3,11,270000,12525
3,29,30010400,11607
3,29,30010600,11661
3,29,30010900,14325
3,29,30020100,11606
3,29,30020200,13373
3,29,30010100,14772
3,29,30010300,11942
3,29,30080000,12303
3,29,30100000,31726
3,29,30030300,11829
3,29,30060000,13442
3,29,30030100,13398
3,29,30030200,11258
3,29,30070000,11888
3,29,30090000,14556
3,29,30110000,14652
3,29,30010800,14209
3,29,30050000,14336
3,29,30010700,14342
3,29,30040000,11460
3,29,30220300,11887
3,29,30260000,11718
3,29,30120200,11834
3,29,30120100,14651
3,29,30140200,13483
3,29,30280300,11885
3,29,30290200,11735
3,29,30160000,14768
3,29,30140100,14431
3,29,30180000,11828
3,29,30210100,12061
3,29,30190000,11659
3,29,30210200,11941
3,29,30220200,13453
3,29,30170000,11835
3,29,30130000,14870
3,29,30200000,13312
3,29,30220400,12062
3,29,30250000,11734
3,29,30270100,11732
3,29,30270400,11531
3,29,30270300,11584
3,29,30270200,11551
3,29,30280400,11532
3,29,30280500,11585
3,29,30300000,13240
3,29,30310000,14406
3,29,30280200,11883
3,29,30240000,11554
3,29,30230000,11553
3,29,30290100,13239
3,29,30150000,13421
3,11,1210300,12589
3,11,1210100,12617
3,11,1220000,12481
3,11,1210200,12611
3,11,1200200,12529
3,11,1200100,12531
3,11,1260000,12534
3,11,1190200,15079
3,11,1230000,12512
3,11,1250000,12569
3,11,1280000,12510
3,45,40020000,12754
3,45,40010000,14639
3,45,40030100,14919
3,45,40040200,12430
3,45,40050000,14638
3,45,40030200,14920
3,45,40070000,12753
3,45,40080100,12431
3,45,40080200,12339
3,45,40090000,12861
3,45,40110100,12734
3,45,40040100,12432
3,45,40060000,13361
3,45,40100000,12863
3,45,40110300,12755
3,45,40250000,12979
3,45,40280000,13574
3,45,40340200,14226
3,45,40350100,12757
3,45,40110400,13362
3,45,40150200,12985
3,45,40180000,12340
3,45,40220000,12447
3,45,40170000,12867
3,45,40200000,12441
3,45,40240000,14223
3,45,40230000,13845
3,45,40270000,14222
3,45,40190000,12442
3,45,40120000,12862
3,45,40150100,12444
3,45,40210000,15400
3,45,40130100,12865
3,45,40290000,14224
3,45,40300100,14140
3,45,40140100,12438
3,45,40140200,12440
3,45,40310300,12983
3,45,40310400,13585
3,45,40300200,12984
3,45,40320000,12975
3,45,40260000,12664
3,45,40130200,12439
3,45,40160000,13521
3,45,40310100,14138
3,45,40330000,12443
3,45,40340100,14260
3,45,40410300,15403
3,45,40530000,12875
3,45,40460000,13429
3,45,40540000,12876
3,45,40560000,15014
3,45,40370200,14918
3,45,40440000,12910
3,45,40570000,12427
3,45,40610000,13424
3,45,40410100,13006
3,45,40470000,13428
3,45,40450000,13425
3,45,40580000,13575
3,45,40620100,13427
3,45,40400200,12933
3,45,40510000,13576
3,45,40350200,14259
3,45,40360100,13016
3,45,40390100,12909
3,45,40360200,14225
3,45,40400300,14144
3,45,40410200,13017
3,45,40420000,14258
3,45,40400400,14142
3,45,40490000,13430
3,45,40370100,14706
3,45,40380000,12995
3,45,40500000,12808
3,45,40520000,13577
3,45,40430000,15274
3,45,40480000,13432
3,45,40390200,12908
3,45,40630000,13431
3,45,40720100,12977
3,45,40730000,12879
3,45,40720200,14141
3,45,40740300,14257
3,45,40740400,12758
3,45,40700000,12907
3,45,40650000,15648
3,45,40640200,12022
3,45,40750200,12976
3,45,40670000,14917
3,45,40640100,12807
3,45,40680100,12809
3,45,40710200,12986
3,45,40740100,14143
3,45,40760000,14139
3,45,40770000,12981
3,45,40780100,12980
3,45,40750100,13761
3,45,40780200,12866
3,45,40780400,12446
3,45,40780500,12978
3,45,40690300,13426
3,45,40780300,12665
3,45,40780600,12982
3,45,40620200,12626
3,45,40680200,12428
3,45,40660000,15015
3,45,40680300,14937
3,45,40690200,12172
3,45,40690400,12878
3,45,40710100,14256
3,45,40790100,12429
3,45,40800100,13696
3,45,40860000,11627
3,45,40870000,11724
3,45,40880000,14595
3,45,40900000,13698
3,45,40960200,14525
3,45,40940000,13697
3,45,40850000,13020
3,45,40910000,13019
3,45,40920000,13021
3,45,40930000,13112
3,45,40950000,13113
3,45,40800200,12864
3,45,40970100,14619
3,45,40980200,15954
3,45,40890000,14620
3,45,40980300,15955
3,45,40810300,13699
3,45,40840000,12877
3,45,40960100,14255
3,45,40990200,13018
3,45,40790300,12445
3,45,40990300,11626
3,45,40790200,12819
3,45,40810100,11628
3,45,40830000,14594
3,45,40970200,14417
3,45,41000000,15172
3,45,41010000,13844
3,45,40990400,14593
3,45,40810200,13140
3,45,41030100,13584
3,45,41020000,15248
3,45,41030200,13291
3,45,41040000,14936
3,29,30380200,14923
3,29,30500000,11660
3,29,30430000,11987
3,29,30510000,13372
3,29,30540000,13284
3,29,30420200,11884
3,29,30470000,11817
3,29,30550000,11565
3,29,30350000,11752
3,29,30340100,11755
3,29,30560000,11583
3,29,30570000,11582
3,29,30340200,11754
3,29,30400000,13443
3,29,30410100,11566
3,29,30420100,12033
3,29,30440400,11989
3,29,30480000,14769
3,29,30330000,13333
3,29,30490000,14771
3,29,30530000,13734
3,29,30320000,14408
3,29,30380100,11716
3,29,30360000,14634
3,29,30390000,14531
3,29,30410200,11259
3,29,30440300,12903
3,29,30520000,12010
3,29,30440200,11503
3,29,30460000,14770
3,29,30450000,14455
3,29,30370000,11733
3,29,30600000,11543
3,29,30800000,13283
3,29,30590000,11555
3,29,30810000,13938
3,29,30620000,11758
3,29,31040000,11717
3,29,30610000,11738
3,29,30580000,11552
3,29,30640000,11756
3,29,30700000,11753
3,29,30710000,11787
3,29,30720000,11524
3,29,30770000,14407
3,29,30780000,13997
3,29,30730000,11464
3,29,30690000,11586
3,29,30760000,11556
3,29,30790000,15388
3,29,30650000,13363
3,29,30750000,14456
3,29,30820000,13998
3,29,30670000,14251
3,29,31090000,11736
3,29,30660000,14009
3,29,31050000,11737
3,29,30680000,14008
3,29,30630000,11757
3,29,31020000,11886
3,29,30740000,11435
3,75,300000,15199
3,75,310000,15201
3,71,50000,13054
3,71,30000,12789
3,71,60000,13060
3,71,70000,13058
3,71,80000,13344
3,71,20000,13164
3,71,100000,13064
3,71,90000,13062
3,71,110000,13061
3,71,120000,13347
3,71,140000,12914
3,71,150000,13345
3,71,10000,13063
3,71,40000,13057
3,71,1010100,15204
3,71,1130000,12497
3,71,1180100,13091
3,71,1180300,13007
3,71,1010200,12796
3,71,1020100,13850
3,71,1150400,13378
3,71,1120000,13379
3,71,1180200,13684
3,71,1170100,12788
3,71,1170200,13037
3,71,1180500,13746
3,71,1150300,13059
3,71,1020200,12795
3,71,1140000,13380
3,71,1160000,12783
3,71,1180400,13617
3,71,1170300,13241
3,71,160000,13065
3,71,1240100,12717
3,71,1250100,13849
3,71,1270000,13616
3,71,1290000,12776
3,71,1320300,12718
3,71,1340000,13663
3,71,1350300,13055
3,71,1220000,12716
3,71,1330100,13346
3,71,1330200,12549
3,71,1230100,12691
3,71,1360200,12832
3,71,1210200,13376
3,71,1350200,13664
3,71,1190000,12496
3,71,1250200,12731
3,71,1240200,12500
3,71,1280000,12347
3,71,1210100,14164
3,71,1260200,14311
3,71,1300000,13377
3,71,1310200,13090
3,71,1320200,13163
3,71,1350100,12897
3,71,1260100,14797
3,71,1360100,12896
3,71,1200100,12501
3,71,1310100,13242
3,71,1320400,13056
3,71,1370100,12527
3,71,1230200,13381
3,71,1200200,12502
3,71,1370200,12528
3,71,1460200,14764
3,71,1420100,14951
3,71,1450100,15148
3,71,1390100,14036
3,71,1410200,12831
3,71,1380000,15063
3,71,1440100,13258
3,71,1400000,14035
3,71,1440200,14043
3,71,1450200,15356
3,71,1430000,15169
3,71,1410100,13036
3,71,1420200,14953
3,71,1460100,13660
3,71,1390200,15206
3,91,20060200,13394
3,91,20050200,14128
3,91,20050600,13816
3,91,20050700,14127
3,91,20060300,14318
3,91,20120100,13387
3,91,20080000,13710
3,91,20090700,13400
3,91,20090300,13925
3,91,20100300,14018
3,91,20100600,14040
3,91,20141000,13266
3,91,20070400,13893
3,91,20090100,13895
3,91,20100400,13924
3,91,20130100,13265
3,91,20090600,13923
3,91,20090800,13401
3,91,20120300,13389
3,91,20100500,13386
3,91,20130200,13406
3,91,20140400,13300
3,91,20090200,13561
3,91,20060400,14317
3,91,20110000,15115
3,91,20060500,15528
3,91,20140700,13493
3,91,20140900,14130
3,91,20141100,13408
3,91,20070300,15072
3,91,20070700,15071
3,91,20070800,13526
3,91,20120400,12456
3,91,20140600,13964
3,91,20140800,13267
3,91,20310600,13721
3,91,20320400,13390
3,91,20160500,13604
3,91,20300000,13303
3,91,20310300,12844
3,91,20310400,13594
3,91,20310500,14912
3,91,20320300,13299
3,91,20160400,13605
3,91,20170400,14502
3,91,20380300,14499
3,91,20330200,14241
3,91,20400900,13644
3,91,20460000,13726
3,91,20380400,14997
3,91,20440000,14126
3,91,20320700,13302
3,91,20330300,13909
3,91,20330400,13542
3,91,20340200,13907
3,91,20380100,14629
3,91,20400200,14540
3,91,20400400,13451
3,91,20400700,14541
3,91,20400800,13592
3,91,20370000,13541
3,91,20340300,14996
3,91,20400500,14503
3,91,20360200,13908
3,91,20410100,13718
3,91,20410200,13717
3,91,20420000,13719
3,91,20320800,13452
3,91,20320500,13405
3,91,20360100,14501
3,91,20390200,15082
3,91,20401000,13418
3,91,20350000,14539
3,91,20390100,14505
3,91,20340100,13301
3,91,20470200,13724
3,91,20600900,12974
3,91,20610200,15294
3,91,20610400,14063
3,91,20480000,13723
3,91,20510000,14864
3,91,20540000,13725
3,91,20600500,13268
3,91,20570000,15197
3,91,20580600,13590
3,91,20580900,14062
3,91,20550300,12973
3,91,20560000,14004
3,91,20580700,13716
3,91,20470100,14867
3,91,20550200,13176
3,91,20520000,14888
3,91,20530000,14889
3,91,20550100,13175
3,91,20580100,15216
3,91,20580500,13589
3,91,20590300,14915
3,91,20590400,14872
3,91,20500000,14863
3,91,20590600,13593
3,91,20600400,13407
3,91,20600600,13449
3,91,20600700,15212
3,91,20590500,13596
3,91,20580800,13342
3,91,20600800,15311
3,91,20490000,14862
3,91,20670100,13118
3,91,20720200,15070
3,91,20630000,13540
3,91,20730000,15221
3,91,20620200,15310
3,91,20660000,13713
3,91,20680100,13927
3,91,20700300,13643
3,91,20610500,15083
3,91,20610600,15312
3,91,20690500,13922
3,91,20680200,13404
3,91,20700100,13739
3,91,20710100,13641
3,91,20650000,13538
3,91,20690100,13403
3,91,20710400,14591
3,91,20690400,13894
3,91,20640000,13539
3,91,20740000,15040
3,91,20620100,13388
3,91,20670200,13926
3,91,20750000,15069
3,91,20700400,13709
3,91,20690600,14017
3,91,20720100,13642
3,91,20710300,15219
3,91,20920100,15081
3,91,21030000,15196
3,91,21040000,15215
3,91,21050000,14914
3,91,20900000,12838
3,91,20850000,14315
3,91,20890100,13711
3,91,20870200,13448
3,91,20880100,15527
3,91,20890500,13712
3,91,20870400,14641
3,91,20920200,13496
3,91,20860100,13446
3,91,20860300,14357
3,91,20860400,14019
3,91,20870300,13560
3,91,20880200,14928
3,91,20890300,13402
3,91,20890400,13399
3,91,20890600,13447
3,91,21010000,13494
3,91,21020000,13495
3,101,520000,14586
3,101,570000,15328
3,101,580000,15302
3,101,590000,15330
3,101,600000,15331
3,101,540000,14528
3,101,560000,15329
3,101,550000,14529
3,101,700000,13558
3,101,620000,12815
3,101,710000,13555
3,101,800000,14631
3,101,830100,15269
3,101,610000,15327
3,101,680000,15654
3,101,820000,15642
3,101,840000,14613
3,101,850000,14611
3,101,670000,14052
3,101,720000,14269
3,101,740000,15325
3,101,750000,15300
3,101,760000,15651
3,101,870000,14630
3,101,630000,15326
3,101,730000,13549
3,101,790000,14617
3,101,640000,15419
3,101,650000,14369
3,101,810000,14616
3,101,660000,14047
3,101,830200,14610
3,101,770000,13547
3,101,780000,15114
3,101,690000,15301
3,101,970000,15641
3,101,990000,15417
3,101,940000,14513
3,101,980000,15418
3,101,960000,15614
3,133,90000,13994
3,133,1051000,15158
3,133,100000,13370
3,133,2172000,14804
3,133,2180000,13203
3,133,2292000,14941
3,133,2382200,15157
3,133,2200000,13991
3,133,2382100,15591
3,133,2250000,14702
3,133,2270000,12732
3,133,2300000,15533
3,133,2220000,13757
3,133,2310000,15993
3,133,2372000,15921
3,133,2381000,15744
3,133,2390000,15841
3,133,2240000,15590
3,133,2291000,14082
3,133,2260000,13756
3,133,2280000,15429
3,133,2320000,14730
3,133,2371000,14137
3,133,2400000,15636
3,133,2210000,13992
3,101,2090000,15323
3,101,2100000,15639
3,101,2110000,14691
3,101,2160000,14781
3,101,2210000,15123
3,101,2200000,14527
3,101,2140000,15290
3,101,2240000,13765
3,101,2270000,14782
3,101,2280000,15587
3,101,2170000,15585
3,101,2230000,15459
3,101,2350000,31725
3,101,2340000,14265
3,101,2310000,14853
3,101,2300000,13599
3,101,2220000,14367
3,101,2250000,15928
3,101,2130000,14326
3,101,2150000,15345
3,101,2190000,15584
3,101,2260000,15929
3,101,2290000,14828
3,101,2320000,14827
3,101,2120000,12738
3,101,2180000,15586
3,101,2390000,13651
3,101,2570000,14930
4,3,42710000,13214
4,3,42680000,13715
4,3,42820000,13881
4,3,42920100,14041
4,3,43110000,14355
4,3,42920200,13837
4,3,43010000,13830
4,3,42630000,13318
4,3,42640000,15145
4,3,42500000,14653
4,3,42720000,14654
4,3,42930000,13317
4,3,42670000,15372
4,3,42910000,15099
4,3,42120000,14298
4,3,42940000,15146
4,3,42950000,14376
4,3,42960000,13838
4,3,42970000,15100
4,3,43020000,13201
4,3,42400000,13915
4,3,43700000,13836
4,3,44700000,14755
4,3,44000000,14057
4,3,45110300,13237
4,3,43900000,13138
4,3,45110100,12870
4,3,44600000,13139
4,3,43800000,12924
4,3,44900000,13518
4,3,45110200,13213
4,3,44550000,12904
4,3,44800000,12921
4,1,3030000,14416
4,3,41410100,14153
4,3,41410200,14766
4,3,41420000,12992
4,3,41000000,14509
4,3,40800100,14627
4,3,41200100,12916
4,3,41100000,14510
4,3,41200200,14306
4,3,40700200,15019
4,3,41320200,12919
4,3,41500100,14231
4,3,41330000,14375
4,3,41500200,14957
4,3,40900000,14229
4,3,41350000,14767
4,3,40800200,15018
4,3,40700100,14105
4,3,41320100,12920
4,3,41310000,14230
4,3,41340000,13516
4,9,98020000,13977
4,9,98030000,14697
4,9,98040000,14002
4,9,98080000,12404
4,9,98050000,14563
4,9,98060000,12850
4,9,98070000,12494
4,7,60470000,13748
4,7,60410000,15091
4,7,60430000,12249
4,7,60480000,14094
4,7,60490200,13751
4,7,60500100,13892
4,7,60500200,14093
4,7,60490100,14007
4,9,98010000,14001
4,7,60440000,12247
4,7,60420000,13750
4,7,60450000,12248
4,7,60400000,12250
4,7,60460000,12587
4,27,1190100,14370
4,27,1210000,11781
4,27,1240000,11784
4,27,1220000,11780
4,27,1280000,11786
4,27,1260000,11785
4,27,1230000,11975
4,27,1200000,11976
4,27,1190200,14372
4,27,1270000,11783
4,27,1250000,11782
4,27,1180000,14371
4,19,91130000,13492
4,19,91280000,14425
4,19,91210100,14060
4,19,91180000,13759
4,19,91170000,11558
4,19,91150100,12595
4,19,91240000,14678
4,19,91150200,14096
4,19,91190000,13170
4,19,91210200,11559
4,19,91200000,14565
4,19,91140000,13760
4,19,91230000,14564
4,19,91220000,14059
4,19,91160000,11557
4,21,1270000,13738
4,21,1280000,13708
4,21,1210000,14061
4,21,1310000,14155
4,21,1290000,12915
4,21,1300000,12366
4,27,1010000,14443
4,27,1050000,14866
4,27,1120000,11788
4,27,1140000,12084
4,27,1170000,12090
4,27,1030000,15268
4,23,96020000,14400
4,27,1060000,11514
4,27,1090000,15245
4,27,1080000,14865
4,27,1100000,12086
4,27,1130000,12087
4,23,96010000,11671
4,27,1020000,15250
4,27,1070000,15349
4,27,1150000,12089
4,27,1160000,12088
4,27,1110000,11581
4,27,1040000,14618
4,5,98010000,14887
4,5,98040000,14314
4,5,98070000,15247
4,5,98030000,15062
4,7,60270200,14121
4,7,60280000,12077
4,7,60140000,13109
4,7,60180000,14120
4,7,60240000,12211
4,7,60020000,14022
4,7,60040000,14173
4,7,60010100,14555
4,7,60090000,12078
4,7,60050000,14027
4,7,60070000,13747
4,7,60100000,13752
4,7,60010200,14904
4,7,60060200,14119
4,7,60120000,12583
4,7,60130000,12252
4,7,60030000,14023
4,7,60060100,14903
4,7,60150000,13110
4,7,60160000,12079
4,7,60190000,12121
4,7,60200000,12212
4,7,60080000,12592
4,7,60170000,12253
4,7,60110000,12251
4,7,60230000,12372
4,7,60250000,12139
4,7,60260100,13359
4,7,60260200,12138
4,7,60210000,12122
4,7,60220000,12210
4,7,60270100,12058
4,7,60390000,14095
4,7,60290000,15020
4,7,60380300,14123
4,7,60300000,13749
4,7,60330000,12140
4,7,60310000,12584
4,7,60350000,12373
4,7,60370000,12586
4,7,60320100,12475
4,7,60320200,12246
4,7,60340000,12476
4,7,60360000,12585
4,7,60380100,12477
4,7,60380200,14122
4,13,1010200,13274
4,13,1010100,15244
4,13,1010300,13273
4,13,1040100,13275
4,13,10110000,12571
4,13,10140000,12575
4,13,1140000,13248
4,13,10020000,12570
4,13,10120000,13753
4,13,10150000,13183
4,13,10050000,13246
4,13,10160000,12576
4,13,10170000,12572
4,13,10180000,13276
4,13,10190000,12573
4,13,10090000,12361
4,13,1130000,15211
4,13,1120000,12479
4,13,1090000,12478
4,13,1050000,14711
4,13,1070000,13791
4,13,10040000,13247
4,13,1100100,15487
4,13,1160000,15096
4,13,1060000,12936
4,13,10030000,12574
4,13,10060000,13210
4,13,10070000,13678
4,13,1100200,12766
4,13,1110000,12360
4,13,1150000,14980
4,13,10080000,13209
4,13,1040200,13929
4,13,1080000,14796
4,15,98140000,14124
4,15,98070000,13939
4,15,98060000,14430
4,19,90260000,12522
4,19,90270000,12593
4,19,90220000,12393
4,19,90290000,13129
4,19,91010000,13480
4,19,91090000,13040
4,19,91040000,12508
4,19,90240000,11560
4,19,90300000,12610
4,19,90210000,13130
4,19,91060000,13038
4,19,91080000,13041
4,19,91070000,13039
4,19,91110000,13127
4,19,91120000,13128
4,19,91030000,14250
4,19,91020000,13316
4,19,90280000,12521
4,19,90310000,12594
4,19,91050000,12509
4,19,91100000,14602
4,19,90230000,11988
4,19,90250000,11809
4,41,1310100,15489
4,41,1270000,15386
4,41,1280000,11719
4,41,1290000,11722
4,41,1300000,15010
4,41,1310200,16135
4,41,1320000,15728
4,61,95050000,14252
4,61,95130000,15044
4,61,95010000,14171
4,63,96030000,13874
4,61,95020000,14170
4,61,95090000,13294
4,61,95060000,14227
4,61,95030000,13293
4,61,95100000,13971
4,61,95110000,15266
4,63,96010000,15045
4,61,95080000,12453
4,63,96020000,13873
4,61,95120000,15267
4,61,95040000,13135
4,65,95100000,13650
4,65,95020000,15051
4,65,95030000,15052
4,65,95050000,14157
4,65,95090000,13649
4,65,95120000,12947
4,65,95010000,13743
4,65,95040000,14158
4,65,95130000,12948
4,65,95080000,13742
4,65,95070000,12946
4,65,95110000,14392
4,65,95060000,13586
4,49,170000,13285
4,49,40000,15183
4,49,130000,13286
4,49,140000,12609
4,47,99130000,14841
4,49,180000,13289
4,49,160000,12608
4,47,99040000,12025
4,49,190000,13471
4,47,99090000,14486
4,49,50000,14978
4,47,99020000,15075
4,49,60000,14977
4,47,99050000,12023
4,47,99100000,14487
4,47,99120000,14954
4,49,10000,12891
4,49,20000,13472
4,49,70000,12408
4,49,30000,15182
4,49,80000,12409
4,49,90000,13053
4,49,110000,13475
4,47,99110000,12024
4,47,99010000,14921
4,49,100000,13290
4,49,120000,32929
4,49,150000,12407
4,49,1010300,15435
4,49,1020200,15398
4,49,1010400,14971
4,49,260000,13288
4,49,1020100,13583
4,49,1070000,12743
4,49,1090400,14686
4,49,1010100,13292
4,49,220000,13478
4,49,300000,12344
4,49,1040000,14363
4,49,1030300,14571
4,49,1060000,16221
4,49,270000,13470
4,49,210000,12342
4,49,230000,12341
4,49,250000,13469
4,49,240000,13477
4,49,1010700,12760
4,49,200000,13474
4,49,1050000,14979
4,49,280000,13473
4,49,1030100,14687
4,49,1090200,13212
4,49,1080000,12745
4,49,1090300,13741
4,49,1100100,12744
4,49,1100200,13740
4,49,1110100,13476
4,49,1030400,15397
4,49,1010900,12761
4,49,290000,13479
4,49,1170100,14488
4,49,1140000,15348
4,49,1170200,14490
4,49,1180100,14362
4,49,1150800,13287
4,49,1190000,14854
4,49,1130000,12028
4,49,1150500,14489
4,49,1160000,12026
4,49,1150400,12027
4,49,1200100,14364
4,49,1220200,15436
4,49,1120100,13211
4,49,1110200,12343
4,49,1180200,14855
4,49,1150300,15347
4,49,1200200,12759
4,49,1150700,12892
4,49,1210000,14348
4,49,1220100,14970
4,49,1120200,14685
4,53,98010000,14391
4,53,98020000,15188
4,55,1010000,15203
4,55,1020000,15036
4,55,1030000,14896
4,55,1140000,13014
4,55,1150000,14778
4,31,99010000,14104
4,31,99020000,12989
4,31,99030000,14419
4,31,99060000,11180
4,31,99090000,14228
4,33,33090000,14935
4,33,33160000,11824
4,33,33180000,14373
4,33,33040000,15367
4,33,33190000,14846
4,31,99080000,14068
4,33,33080000,15536
4,33,33150000,14710
4,33,33020000,11902
4,33,33140000,15794
4,33,33110000,11713
4,35,97010000,14349
4,33,33070000,15481
4,35,97040000,13871
4,35,97050000,13204
4,33,33060000,14795
4,33,33100000,11645
4,33,33120000,11712
4,33,33170000,14934
4,35,97060000,11869
4,33,33030000,11181
4,35,97020000,14148
4,35,97030000,14623
4,35,97070000,11855
4,31,99070000,14885
4,33,33010000,15249
4,31,99050000,14247
4,33,33050000,13876
4,31,99040000,12990
4,33,33130000,11715
4,39,11070000,11658
4,39,11130000,14374
4,39,11140000,13764
4,39,11150000,13640
4,39,11030000,14441
4,39,11060000,11290
4,35,97090000,14696
4,39,11020000,13851
4,39,11040000,14916
4,39,11080000,11260
4,35,97080000,14296
4,39,11110000,15149
4,39,11100000,14765
4,39,11090000,14440
4,39,11010000,14801
4,39,11120000,14729
4,39,11050000,13956
4,39,11200000,14969
4,39,11170000,11302
4,39,11180000,11459
4,39,11160000,13639
4,39,11190000,14213
4,73,1120000,15273
4,73,1030000,14393
4,73,1070000,13137
4,73,1090000,15532
4,73,1140000,14384
4,73,1080000,13999
4,73,1160000,14385
4,73,1170000,13771
4,73,1180000,13200
4,73,1150000,13199
4,73,1020000,15271
4,73,1040000,14394
4,73,1100000,13433
4,73,1060000,13872
4,73,1110000,12925
4,73,1130000,14383
4,73,1050000,15053
4,73,10000,12898
4,73,40000,13136
4,73,60000,12777
4,73,100000,12901
4,73,1010000,15186
4,73,30000,13435
4,73,70000,12899
4,73,90000,12778
4,73,20000,13434
4,73,80000,12900
4,85,3260100,14659
4,85,3270100,15558
4,85,3310000,15855
4,87,96040000,13888
4,87,96050000,13887
4,85,3280000,13882
4,85,3300000,12555
4,85,3290000,13117
4,85,3270200,13519
4,85,3260200,14665
4,87,96020000,15931
4,83,42010000,14218
4,83,42040000,13417
4,83,42080000,16237
4,83,42090000,15631
4,83,42100000,15549
4,83,42110000,16238
4,83,42020000,13384
4,81,1040000,12657
4,81,1180000,13728
4,83,42060000,14570
4,83,42120000,14301
4,81,1190000,16047
4,81,1010000,15609
4,81,1020000,14847
4,81,1030000,13817
4,83,42030000,13383
4,83,42070000,15837
4,83,42050000,14598
4,85,3160000,14543
4,85,3210000,12202
4,85,3180000,14302
4,85,3150000,14967
4,85,3220000,13385
4,85,3120000,13562
4,85,3230000,14966
4,85,3110000,16040
4,85,3050000,13096
4,85,3020000,13025
4,85,3100000,13116
4,85,3190000,14963
4,85,3070000,16038
4,85,3170000,14660
4,85,3200000,15177
4,85,3240000,14542
4,85,3250100,14964
4,85,3140000,14664
4,85,3250200,14965
4,85,3030000,14662
4,85,3040000,14661
4,85,3090000,13114
4,85,3080000,13115
4,85,3130000,14663
4,85,3060000,13024
4,85,3010000,16039
4,99,3060200,14154
4,117,99030000,15618
4,121,20020000,15270
4,121,20030000,16045
4,117,99050000,13820
4,121,20000000,15484
4,121,20040000,14011
4,117,99040000,15163
4,117,99060000,15030
4,121,20010000,15485
4,117,99020000,15617
4,117,99080000,13968
4,117,99070000,13967
4,117,99010000,14894
4,117,99090000,14291
4,117,99100000,13703
4,123,97140000,16011
4,121,20150000,13899
4,121,20090000,13686
4,123,97110000,16018
4,121,20070000,13685
4,121,20050000,12649
4,123,97050000,14012
4,121,20110000,15073
4,123,97010000,14026
4,121,20080000,15324
4,123,97030000,15143
4,123,97090000,15630
4,121,20130000,14839
4,123,97040000,16019
4,121,20060000,16044
4,121,20120000,12648
4,123,97080000,14013
4,123,97120000,15991
4,123,97020000,13900
4,123,97070000,15545
4,123,97100000,15544
4,121,20100000,15272
4,123,97060000,15174
4,121,20140000,14597
4,105,95020000,12425
4,105,95040000,16052
4,105,95010000,12426
4,105,95030000,14133
4,105,95050000,16051
4,111,2020000,15049
5,3,10050000,14108
5,3,10110000,13086
5,3,10170000,13611
5,3,5090000,13079
5,3,10180000,14107
5,3,12030000,12714
5,3,7030000,13988
5,3,6030000,13614
5,3,8060000,12894
5,3,7080000,14453
5,3,5100000,14675
5,3,6050000,14843
5,3,8090000,13083
5,3,7090000,13965
5,3,9030000,13085
5,3,10140000,14432
5,3,8040000,14448
5,3,10160000,14109
5,3,11060000,15151
5,3,11130000,14450
5,3,11150000,14335
5,3,5110000,13080
5,3,7060000,13690
5,3,8070000,12855
5,3,9020000,13087
5,3,11020000,15150
5,3,11140000,14449
5,3,12010000,13613
5,3,8020000,14677
5,3,12020000,12854
5,3,9010000,13084
5,3,7050000,12895
5,3,13030000,12715
5,3,12070000,14452
5,3,12040000,13612
5,3,13040000,13691
5,3,13020000,13615
5,3,12080000,14454
5,3,13010000,14946
5,3,15040000,15153
5,3,14050000,14451
5,3,14080000,15105
5,3,17020000,14636
5,3,14060000,12735
5,3,15170000,15076
5,3,18060000,13877
5,3,18070000,15282
5,3,14010000,13966
5,3,18030000,14743
5,3,19110000,14667
5,3,13060000,12823
5,3,15150000,15077
5,3,16060000,14715
5,3,14100000,15104
5,3,14110000,15112
5,3,15010000,14498
5,3,15160000,14497
5,3,14020000,13989
5,3,14030000,14160
5,3,14140000,13487
5,3,16030000,14740
5,3,16040000,14738
5,3,16070000,14714
5,3,14130000,14496
5,3,17060000,15796
5,3,19030000,14637
5,3,16090000,15078
5,3,18090000,15283
5,3,14040000,13987
5,3,19140000,15387
5,3,16080000,15795
5,3,19190000,15109
5,3,19170000,15108
5,3,19210000,14742
5,3,19150000,14744
5,3,19160000,13934
5,3,19180000,15111
5,3,19200000,14713
5,3,22040000,14461
5,3,24060000,14468
5,3,26020000,15009
5,3,26150000,14469
5,3,28050000,15021
5,3,26120000,15008
5,3,26200000,14471
5,3,27150000,14508
5,3,28070000,13395
5,3,28110000,15088
5,3,28120000,15604
5,3,25030000,14463
5,3,28140000,15097
5,3,27040000,14995
5,3,23040000,14467
5,3,28150000,14712
5,3,27010000,13898
5,3,21070000,14925
5,3,22010000,13879
5,3,21080000,14436
5,3,26070000,15156
5,3,27030000,15098
5,3,20230000,14024
5,3,25090000,14507
5,3,27080000,13701
5,3,28080000,13731
5,3,24120000,14462
5,3,22060000,14994
5,3,25070000,14506
5,3,26090000,15155
5,3,22050000,13880
5,3,26140000,14470
5,3,20200000,13943
5,3,20160000,13983
5,3,20190000,14668
5,3,20210000,13878
5,3,20220000,14435
5,3,20170000,14927
5,3,20180000,14926
5,3,42810000,15482
5,3,43140000,13833
5,3,41710000,14466
5,3,41720000,14465
5,3,41800000,13319
5,3,41900000,13609
5,3,42200000,14297
5,3,42110000,14709
5,3,42700000,15209
5,3,42000000,13914
5,3,42300000,14025
5,3,43230000,13856
5,3,43400000,14512
5,3,43150000,14404
5,3,43240000,14403
5,3,43300000,14280
5,3,43500000,14511
5,3,43600000,13855
5,3,45600300,14428
5,3,45720000,14842
5,3,45080000,13831
5,3,45710000,14356
5,3,45910100,13700
5,3,45130000,13527
5,3,44400000,13835
5,3,45300200,13257
5,3,45600400,13580
5,3,44300000,13238
5,3,45400000,14792
5,3,45600100,14604
5,3,45800000,14822
5,3,45910200,13295
5,3,44200000,13202
5,3,45200000,14156
5,3,44100000,14058
5,3,45070000,13832
5,3,45300100,14931
5,3,45500000,14932
5,3,46100000,13543
5,3,46260000,12906
5,3,46000100,12905
5,3,45920100,15389
5,3,46210000,14232
5,3,45920200,15603
5,3,46000200,14655
5,3,47510200,13545
5,3,47520000,14162
5,3,47330000,14548
5,3,47030000,12991
5,3,47240000,14788
5,3,47360200,14546
5,3,47510100,13409
5,3,47530100,13546
5,3,47530300,14081
5,3,47530400,14113
5,3,46870000,15023
5,3,46890000,13931
5,3,46900000,14345
5,3,46880000,15370
5,3,47050000,14547
5,3,47210000,14785
5,3,47230000,15022
5,3,47100000,14787
5,3,47220000,14784
5,3,47310000,13758
5,3,47340100,14790
5,3,47340200,15208
5,3,47350000,14561
5,3,47410100,15207
5,3,47420100,13544
5,3,47420200,13587
5,3,47320000,14789
5,3,47060000,13932
5,3,47360100,14933
5,3,47410200,13947
5,3,47040000,14823
5,3,47420300,13588
5,3,46580000,12779
5,3,46700000,14716
5,3,46440000,14434
5,3,46600000,13397
5,3,46430000,13694
5,3,46390000,12871
5,3,46560000,13396
5,1,3040000,15102
5,3,5060000,14676
5,1,3150100,12242
5,1,3140100,12241
5,1,3170000,13942
5,3,1030000,15414
5,3,2030000,15065
5,3,4020000,13990
5,3,4030000,15066
5,3,4050000,13984
5,1,3140200,13205
5,1,3150200,12243
5,3,2010000,13985
5,1,3160000,14624
5,3,4040000,14346
5,3,4060000,12437
5,3,4090000,13986
5,3,3050000,13082
5,3,5010000,13081
5,3,5070000,15067
5,3,40110000,14106
5,3,40350000,13608
5,3,40200000,14447
5,3,32040000,15375
5,3,40500000,12918
5,3,40130000,14172
5,3,40120000,13916
5,3,41600000,13517
5,3,40400000,12917
5,3,32060000,15110
5,3,32070000,15024
5,3,40600000,14626
5,3,31020000,14708
5,3,31030000,13933
5,3,30010000,14741
5,3,29040000,15374
5,3,31010000,13857
5,3,29020000,13912
5,3,29010000,15376
5,3,47720000,15371
5,3,48010200,13941
5,3,48030000,15154
5,3,47540200,13581
5,3,48020000,13946
5,3,47710000,13940
5,3,48100000,14739
5,3,48250000,14083
5,3,48430000,14705
5,3,48670000,15055
5,3,48040000,13465
5,3,48810000,14899
5,3,47610000,14279
5,3,48820000,14084
5,3,48680000,13488
5,3,48830000,14900
5,3,47620000,14791
5,3,48450000,13464
5,3,48840000,13022
5,3,47540100,13944
5,3,47730000,13468
5,3,47900000,15113
5,3,48460000,14534
5,3,48500000,13917
5,3,48690000,15054
5,3,48700000,14321
5,3,48850000,14707
5,3,48860000,13484
5,3,48380000,14898
5,3,47820000,13466
5,3,47810000,13467
5,3,48010100,14656
5,3,48900200,13410
5,3,49110200,14981
5,3,49000400,13030
5,3,49000200,13029
5,3,49110100,13412
5,3,49000300,13411
5,3,48900100,13945
5,3,52130200,15369
5,3,52140100,14895
5,3,52610100,14423
5,3,52350100,14803
5,3,52200000,15373
5,3,52380000,14424
5,3,52610200,15144
5,3,52370200,13834
5,3,52630100,13729
5,3,52130100,14559
5,3,52140200,14056
5,3,52310000,15152
5,3,52120000,14532
5,3,52150000,13692
5,3,52360000,14377
5,3,52620100,13976
5,3,52320000,14111
5,3,52350200,14405
5,3,52370100,14150
5,3,52520000,13911
5,3,52530000,13913
5,3,52620200,12893
5,3,52630200,12853
5,3,55090000,13918
5,3,52510000,14299
5,3,55120000,14536
5,3,52110000,13693
5,3,52330000,13702
5,3,52340000,14110
5,3,52400000,15210
5,3,55130000,14032
5,3,55190000,14897
5,3,49300000,13031
5,3,50500000,14055
5,3,50940000,14354
5,3,49620000,14535
5,3,50200000,14114
5,3,50300200,13440
5,3,51000000,15120
5,3,49120000,14942
5,3,49500000,12869
5,3,50100000,14524
5,3,49610100,14115
5,3,49610200,12647
5,3,49800000,14523
5,3,51100000,13023
5,3,49400000,13120
5,3,51200000,14414
5,3,51280000,13910
5,3,51290000,14410
5,3,50700000,14786
5,3,49930000,13485
5,3,49280000,13439
5,3,50800000,14533
5,3,50030000,14944
5,3,51380000,13572
5,3,49270000,13582
5,3,49940000,13486
5,3,50300100,14320
5,3,50410000,15121
5,3,50440000,14560
5,3,50600000,12923
5,3,49700000,14924
5,3,49290000,14943
5,3,52000100,14756
5,3,52000200,14288
5,3,51550000,15106
5,3,51520000,15605
5,3,51510000,15607
5,3,51530000,15606
5,3,51610000,15602
5,3,51620000,14033
5,3,51700000,14411
5,3,51540000,15107
5,3,51800100,14412
5,3,51400000,14386
5,3,51800200,14413
5,3,51900000,14112
5,9,98110000,13491
5,9,98100000,14208
5,9,98090000,13610
5,21,10000,12518
5,21,60000,12516
5,21,1020000,13027
5,21,40000,12353
5,19,91270000,15068
5,21,70000,12359
5,21,20000,12519
5,21,90000,13754
5,21,50000,12356
5,21,100000,13028
5,21,110000,14366
5,21,130000,12368
5,21,140000,13111
5,21,80000,13755
5,21,120000,13026
5,21,30000,13015
5,21,1010000,14365
5,21,1060000,12355
5,21,1080100,15058
5,21,1080200,15059
5,21,1130000,12520
5,21,1140000,14399
5,21,1230000,11952
5,21,1220000,13441
5,21,1250000,12363
5,21,1120000,12352
5,21,1160000,12365
5,21,1180000,15034
5,21,1090000,15060
5,21,1200000,15033
5,21,1260000,12364
5,21,1170000,13707
5,21,1320000,12367
5,21,1330000,15056
5,21,1240000,11792
5,21,1030000,12357
5,21,1110000,15057
5,21,1040000,12354
5,21,1150000,14030
5,21,1190000,12009
5,21,1070000,12358
5,21,1050000,14856
5,21,1100000,12517
5,3,55240000,14945
5,5,98170000,14286
5,5,98180000,14484
5,3,56110000,13695
5,5,98060000,14840
5,5,98100000,14973
5,5,98190000,14401
5,3,55200000,14151
5,3,56140000,13571
5,3,56100000,14544
5,3,55230000,14031
5,3,55210000,14010
5,3,56120000,13730
5,5,98020000,14313
5,5,98090000,14972
5,5,98110000,15246
5,5,98130000,14402
5,5,98150000,14485
5,5,98160000,14233
5,3,56050000,14161
5,5,98080000,12591
5,3,56040000,14909
5,3,56150000,14034
5,5,98050000,12093
5,5,98120000,14869
5,5,98140000,14483
5,3,56060000,14159
5,3,55220000,14319
5,59,97060000,13808
5,63,96040000,13875
5,63,96050000,14572
5,63,96060000,15170
5,59,97070000,14886
5,63,96080000,14717
5,63,96090000,12945
5,63,96100000,14573
5,63,96110100,14574
5,63,96070000,12944
5,63,96110200,14576
5,63,96140000,15171
5,63,96120000,14575
5,63,96130000,12454
5,63,96150000,15401
5,59,97050000,13134
5,59,97080000,14352
5,63,96170000,13676
5,63,96220000,15836
5,63,96160000,12345
5,63,96180000,15457
5,63,96190000,15346
5,63,96200000,14217
5,63,96210000,15198
5,51,26020000,14433
5,51,26030000,14991
5,51,26070000,15708
5,51,26080000,12932
5,51,26040200,14343
5,51,26090000,12963
5,51,26040100,14992
5,51,26050000,15094
5,51,26060000,12436
5,51,26100000,12931
5,51,26010000,14344
5,51,26240000,12833
5,55,1050000,14779
5,55,1060000,12961
5,51,26110000,16074
5,55,1070000,14780
5,51,26180000,13744
5,51,26260000,15095
5,51,26130000,15101
5,51,26150000,12435
5,51,26220000,13745
5,51,26280000,13008
5,51,26290000,13374
5,51,26300000,13375
5,51,26230000,13145
5,51,26170000,13143
5,51,26330000,13252
5,51,26310000,15994
5,51,26200000,12811
5,51,26270000,15360
5,51,26120000,14993
5,51,26320000,13009
5,51,26160000,12495
5,51,26250000,13142
5,51,26190000,13144
5,51,26140000,14891
5,51,26210000,12810
5,55,1040000,13010
5,55,1240000,12868
5,55,1250200,15166
5,57,99010000,14285
5,57,99030000,14763
5,59,97010000,14824
5,59,97020000,15908
5,59,97030000,15032
5,55,1090000,13013
5,55,1170000,14793
5,55,1230000,12836
5,59,97040000,15061
5,55,1250100,15165
5,55,1130000,12834
5,57,99020000,13970
5,55,1080000,12962
5,55,1110000,13011
5,55,1120000,13012
5,55,1100000,12922
5,55,1160000,15074
5,55,1180000,12835
5,55,1190000,15490
5,55,1200000,14640
5,55,1210000,15803
5,55,1220000,13807
5,125,71100000,15190
5,125,71270000,14014
5,125,70410000,15504
5,125,71370000,13413
5,125,71400000,15722
5,125,71570000,14071
5,125,72100000,14902
5,125,72270000,13953
5,125,74210000,14621
5,125,75440000,15506
5,125,73100000,16017
5,125,75460000,13529
5,125,74610000,15953
5,125,75510000,13858
5,125,75120000,13805
5,125,74510000,14152
5,125,74520000,13978
5,125,74410000,13444
5,125,75520000,13229
5,125,76100000,15047
5,125,74630000,14020
5,125,76200000,15882
5,125,76400000,14295
5,125,75370000,15505
5,125,74140000,14537
5,125,75450000,15048
5,125,75570000,14635
5,125,75110000,13804
5,125,76370000,14029
5,125,74370000,14622
5,125,74120000,14538
5,125,74130000,14070
5,125,74220000,13829
5,125,73200000,15579
5,125,74110000,14589
5,125,74420000,14605
5,125,74620000,14015
5,125,75420000,15507
5,125,75430000,15503
5,125,75270000,15448
5,125,77470000,16233
5,125,78400000,12993
5,125,79100000,12994
5,125,79220000,15494
5,125,79370000,15763
5,125,79470000,14427
5,125,77110000,15893
5,125,77310000,15672
5,125,78320000,15449
5,125,79570000,15883
5,125,78330000,12780
5,125,77320000,13859
5,125,78170000,13528
5,125,79210000,15191
5,125,77270000,14092
5,125,77120000,14021
5,125,77530000,15511
5,125,78270000,15512
5,125,77520000,15510
5,129,80140000,16130
5,129,80080000,13533
5,129,80170100,15624
5,129,80030000,14579
5,129,80170200,13897
5,129,80170300,14464
5,129,80180000,15986
5,129,80040000,16131
5,129,80190000,13534
5,129,80200200,15281
5,129,80210200,12822
5,129,80220000,15377
5,129,80050000,13530
5,129,80230200,14101
5,129,80070000,16133
5,129,80100200,15625
5,129,80010000,16132
5,129,80130000,15880
5,129,80210300,16021
5,129,80240000,14240
5,129,80230100,15243
5,129,80100100,14578
5,129,80150000,16129
5,129,80200100,12756
5,129,80210100,16020
5,129,80020000,13531
5,129,80110000,15352
5,129,80160000,15881
5,129,80060000,13930
5,129,80090000,13532
5,129,80120000,16035
5,129,80500000,15393
5,129,80400000,13331
5,129,80510000,15361
5,129,80390000,15017
5,129,80410000,13332
5,129,80460000,14458
5,129,80480100,14723
5,129,80470100,15031
5,129,80340000,14581
5,129,80330100,16010
5,129,80450100,14600
5,129,80520000,14243
5,129,80350000,14117
5,129,80490000,13228
5,129,80280000,14132
5,129,80260000,14580
5,129,80290000,14102
5,129,80310000,14103
5,129,80320000,16009
5,129,80360000,13343
5,129,80300000,13535
5,129,80440000,13573
5,129,80450200,14884
5,129,80470200,14596
5,129,80270000,14118
5,129,80370000,15016
5,129,80420000,15092
5,129,80380000,13979
5,129,80430000,15309
5,129,80330200,14567
5,129,80480200,15629
5,129,80250000,14244
5,129,80860000,15589
5,129,80660000,13172
5,129,80690000,15124
5,129,80590000,16008
5,129,80620000,16007
5,129,80630000,15125
5,129,80610000,15202
5,129,80650000,15126
5,129,80670000,13173
5,129,80700000,15235
5,129,80730000,15308
5,129,80740100,14005
5,129,80740200,14669
5,129,80720000,15275
5,129,80540000,15592
5,129,80600000,13171
5,129,80750000,14582
5,129,80680000,15035
5,129,80780000,14592
5,129,80810000,15735
5,129,80640000,15353
5,129,80820000,14268
5,129,80830000,15351
5,129,80770000,14554
5,129,80840000,13161
5,129,80760000,14006
5,129,80850000,14601
5,129,80580000,15046
5,129,80560000,15593
5,129,80550000,13174
5,129,80710000,13975
5,129,80790000,14988
5,111,2010100,15957
5,111,2010200,15720
5,111,2100000,14731
5,111,2150000,12465
5,111,2160000,12464
5,111,2030000,15721
5,111,2170000,15802
5,111,2190000,16232
5,111,2040000,14085
5,111,2180000,12750
5,111,2050000,13537
5,111,2060000,15230
5,111,2080000,14848
5,111,2130000,14494
5,111,2090000,14517
5,111,2070000,14086
5,111,2110000,14549
5,111,2120000,14518
5,111,2140000,12751
-,,17,10100000,10871
-,,17,10440000,15118
-,,17,10220000,12582
-,,17,10320000,12768
-,,17,10310100,12567
-,,17,10250000,11694
-,,17,10240000,12046
-,,17,10550600,13153
-,,17,10560000,15132
-,,17,10530000,12507
-,,17,10470200,12114
-,,17,10470100,11563
-,,17,10500900,11977
-,,17,10480000,13180
-,,17,10520400,12506
-,,17,10490100,13148
-,,17,10520300,13150
-,,17,10550500,14175
-,,17,10550700,11625
-,,75,290000,13382
-,,75,390000,15923
-,,75,340000,13002
-,,71,1070100,12498
-,,71,1070200,12499
-,,71,1040000,13661
-,,91,20790000,12324
-,,91,20800000,14064
-,,91,20810000,12323
-,,101,420200,12817
-,,101,440000,12466
-,,101,410100,12812
-,,101,410200,12816
-,,101,420100,12814
-,,133,40000,14178
-,,133,2071000,13524
-,,133,2122000,15873
-,,133,2150000,13366
-,,101,2900000,13601
-,,101,3180000,13948
-,,101,3120000,12841
-,,101,3110000,12736
-,,101,3460000,14851
-,,101,3470100,14849
-,,101,3470200,14783
