Districtnum,county,tract,fid
1,91,202202,14874
1,101,127,13634
1,101,129,14607
1,101,137,13636
1,101,125,14491
1,101,132,13962
1,101,140,12469
1,101,136,13637
1,101,134,14514
1,101,128,13635
1,101,131,12471
1,101,139,14278
1,101,141,12470
1,101,142,14495
1,101,143,14087
1,101,126,14608
1,101,144,14274
1,101,135,14294
1,101,146,15611
1,101,133,13960
1,101,147,13509
1,101,138,14271
1,101,145,14272
1,101,148,13507
1,101,149,12468
1,101,130,13632
1,101,177,14877
1,101,153,13503
1,101,161,13510
1,101,16901,14283
1,101,174,15025
1,101,178,14284
1,101,175,14749
1,101,162,13502
1,101,167,16139
1,101,163,12873
1,101,179,16137
1,101,173,15027
1,101,157,13511
1,101,168,14747
1,101,172,14327
1,101,160,13505
1,101,156,15612
1,101,154,13508
1,101,152,15620
1,101,155,13504
1,101,159,14587
1,101,164,12872
1,101,166,16138
1,101,17601,14876
1,101,158,13515
1,101,165,14745
1,101,151,16136
1,101,17602,14875
1,101,31,14046
1,101,32,14045
1,101,3,14566
1,101,26,14583
1,101,9,13520
1,101,17,12467
1,101,15,13551
1,101,21,13559
1,101,23,12740
1,101,25,12472
1,101,27,12473
1,101,4,15649
1,101,11,13548
1,101,18,13557
1,101,20,13554
1,101,22,13556
1,101,29,14049
1,101,14,13550
1,101,7,15650
1,101,2,14614
1,101,30,14050
1,101,8,15537
1,101,5,14615
1,101,12,15538
1,101,6,14632
1,101,13,15303
1,101,16,13553
1,101,19,13552
1,101,24,14044
1,101,28,14048
1,101,1,13633
1,101,10,14633
1,101,43,13864
1,101,4001,14053
1,101,35,15306
1,101,4002,12818
1,101,33,15305
1,101,4102,12816
1,101,44,12466
1,101,4101,12812
1,101,48,15333
1,101,34,15304
1,101,50,14585
1,101,51,15299
1,101,3701,14051
1,101,49,14584
1,101,184,15365
1,101,188,14282
1,101,201,13326
1,101,197,13322
1,101,204,13320
1,101,183,14493
1,101,205,13325
1,101,181,15364
1,101,180,14746
1,101,182,15363
1,101,203,14330
1,101,189,13330
1,101,191,12618
1,101,194,14333
1,101,199,14748
1,101,200,14878
1,101,185,13445
1,101,187,14281
1,101,190,15443
1,101,192,12619
1,101,193,12474
1,101,202,15026
1,101,196,14332
1,101,195,13329
1,101,233,12786
1,101,239,13651
1,101,234,14265
1,101,238,12852
1,101,241,13497
1,101,243,14188
1,101,242,14184
1,101,237,12785
1,101,236,14826
1,101,235,31725
1,101,269,14947
1,101,272,15719
1,101,26302,14837
1,101,268,14948
1,101,253,12787
1,101,273,13603
1,101,250,14147
1,101,245,13607
1,101,274,12720
1,101,248,13600
1,101,254,12620
1,101,270,13565
1,101,271,15804
1,101,264,15122
1,101,267,12784
1,101,246,12721
1,101,249,14145
1,101,265,14266
1,101,252,13563
1,101,251,14146
1,101,266,14922
1,101,282,13631
1,101,285,15446
1,101,283,14334
1,101,277,12621
1,101,278,12622
1,101,288,13598
1,101,275,13566
1,101,286,14183
1,101,290,13601
1,101,279,13568
1,101,291,13602
1,101,292,15445
1,101,276,13567
1,101,284,14690
1,101,301,15441
1,101,281,12840
1,101,289,13630
1,101,293,15442
1,101,295,13327
1,101,366,15362
2,17,101802,14338
2,17,101610,13152
2,17,1019,12505
2,17,102002,12504
2,17,101603,14028
2,17,101611,14341
2,17,1017,11889
2,17,101803,14339
2,17,101804,14340
2,17,101605,13490
2,17,102003,14234
2,17,102004,13853
2,17,101608,11922
2,17,101609,13264
2,17,1035,13733
2,17,1044,15118
2,17,1042,15116
2,17,104501,12588
2,17,1043,15117
2,17,104502,13179
2,17,102102,11561
2,17,1022,12582
2,17,1039,14650
2,17,1040,13852
2,17,102103,12581
2,17,1041,11562
2,17,1024,12046
2,17,1025,11694
2,17,1036,14125
2,17,1037,12044
2,17,1038,14680
2,17,105010,11624
2,17,1048,13180
2,17,104601,12275
2,17,105203,13150
2,17,104902,13149
2,17,104703,12092
2,17,104603,11483
2,17,105501,14174
2,17,105003,11621
2,17,105204,12506
2,17,104604,11528
2,17,105004,11908
2,17,1051,13629
2,17,104901,13148
2,17,105202,13263
2,17,1053,12507
2,17,105011,12096
2,17,105007,11622
2,17,104701,11563
2,17,104702,12114
2,17,105009,11977
2,17,1054,14337
2,17,1056,15132
2,17,105008,13151
2,77,95,15168
2,77,93,13165
2,77,68,15534
2,89,300401,13121
2,89,3009,12702
2,89,300304,15723
2,89,300103,15834
2,89,300101,15987
2,89,300303,15633
2,89,300301,14305
2,89,3002,15006
2,89,300402,13099
2,89,300102,15874
2,89,3007,15626
2,89,300403,12636
2,89,3005,15402
2,89,3006,13122
2,89,3010,15509
2,89,3011,15992
2,91,200602,13394
2,91,200401,14129
2,91,200603,14318
2,91,200605,15528
2,89,301201,15399
2,89,301203,13095
2,91,200402,15313
2,91,200505,15341
2,91,200703,15072
2,91,200704,13893
2,91,200305,15342
2,91,200506,13816
2,91,200604,14317
2,89,301202,12322
2,91,200501,15434
2,89,301302,15038
2,91,201201,13387
2,95,143,14552
2,95,147,14553
2,95,104,14237
2,95,106,14736
2,95,113,13883
2,95,142,13168
2,95,144,14704
2,95,153,13194
2,95,101,15090
2,95,109,13884
2,95,105,14263
2,95,110,14264
2,95,112,14724
2,95,141,13233
2,95,151,14457
2,95,111,12930
2,95,145,14733
2,95,154,15194
2,95,155,15380
2,95,156,14076
2,95,158,15193
2,95,15901,15670
2,95,146,14421
2,95,15902,15671
2,95,102,15089
2,95,15202,13193
2,95,108,14210
2,95,17601,14550
2,95,173,14727
2,95,164,13234
2,95,16001,13232
2,95,169,13482
2,95,171,15195
2,95,172,13167
2,95,17401,13921
2,95,17402,13481
2,95,17602,14238
2,95,178,14239
2,95,170,14077
2,95,167,14079
2,95,17501,14666
2,95,17603,14236
2,95,18001,14599
2,95,181,14422
2,103,9507,12423
2,103,9508,12424
2,103,9505,13119
2,103,9503,12839
2,103,9502,15460
2,103,9506,15164
2,103,9509,15415
2,127,9611,14699
2,127,9606,15525
3,45,400401,12432
3,45,4002,12754
3,45,400402,12430
3,45,4005,14638
3,45,4006,13361
3,45,4001,14639
3,45,400301,14919
3,45,4017,12867
3,45,4091,13019
3,45,4086,11627
3,45,4083,14594
3,45,409602,14525
3,45,4090,13698
3,45,4088,14595
3,45,4087,11724
3,45,4084,12877
3,45,4089,14620
3,45,409702,14417
3,45,409802,15954
3,45,409601,14255
3,45,4092,13021
3,45,409701,14619
3,91,2049,14862
3,91,205805,13589
3,91,2057,15197
3,91,2050,14863
3,91,205807,13716
3,91,204702,13724
3,91,204701,14867
3,91,205502,13176
3,91,2054,13725
3,91,2048,13723
3,91,205501,13175
3,91,2056,14004
3,91,2051,14864
3,91,205503,12973
3,91,205904,14872
3,91,2052,14888
3,91,205808,13342
3,91,205905,13596
3,91,205809,14062
3,91,205903,14915
3,91,205906,13593
3,91,2053,14889
3,91,205806,13590
3,91,201407,13493
3,91,203104,13594
3,91,203105,14912
3,91,202401,15147
3,91,2025,15217
3,91,201703,13647
3,91,202201,14938
3,91,202301,13722
3,91,203208,13452
3,91,202302,13720
3,91,203205,13405
3,91,203106,13721
3,91,201902,14871
3,91,202602,13591
3,91,202604,12843
3,91,201705,12988
3,91,202402,14873
3,91,201704,14502
3,91,202603,12951
3,91,2030,13303
3,91,203103,12844
3,91,204005,14503
3,91,203801,14629
3,91,203403,14996
3,91,203601,14501
3,91,204004,13451
3,91,2035,14539
3,91,204002,14540
3,91,2043,12943
3,91,204007,14541
3,91,204008,13592
3,91,203401,13301
3,91,204101,13718
3,91,2042,13719
3,91,2044,14126
3,91,204009,13644
3,91,203804,14997
3,91,203902,15082
3,91,2045,13536
3,91,203803,14499
3,91,2046,13726
3,101,113,13513
3,101,103,13959
3,101,105,13961
3,101,86,14612
3,101,89,15539
3,101,90,15588
3,101,104,13958
3,101,107,14277
3,101,108,14606
3,101,109,14515
3,101,111,14273
3,101,96,15614
3,101,91,15610
3,101,92,14609
3,101,88,12625
3,101,102,14292
3,101,97,15641
3,101,100,15619
3,101,110,14275
3,101,112,14276
3,101,114,13512
3,101,95,13963
3,101,106,14293
3,101,101,14270
3,101,115,13514
3,101,116,15416
3,101,117,14893
3,101,87,14630
3,101,93,14516
3,101,94,14513
3,101,121,14950
3,101,119,13506
3,101,118,13501
3,101,124,14492
3,101,123,15640
3,101,122,14949
3,101,170,15028
3,101,16902,14329
3,101,150,14460
3,101,171,14328
3,91,2103,15196
3,91,2105,14914
3,91,2101,13494
3,91,2102,13495
3,91,2104,15215
3,101,60,15331
3,101,8302,14610
3,101,61,15327
3,101,72,14269
3,101,76,15651
3,101,62,12815
3,101,69,15301
3,101,70,13558
3,101,63,15326
3,101,77,13547
3,101,67,14052
3,101,78,15114
3,101,65,14369
3,101,79,14617
3,101,80,14631
3,101,81,14616
3,101,66,14047
3,101,71,13555
3,101,84,14613
3,101,73,13549
3,101,8301,15269
3,101,85,14611
3,101,74,15325
3,101,75,15300
3,101,207,14368
3,101,208,12624
3,101,206,13321
3,101,209,15323
3,101,210,15639
3,101,211,14691
3,101,222,14367
3,101,227,14782
3,101,229,14828
3,101,218,15586
3,101,231,14853
3,101,220,14527
3,101,217,15585
3,101,221,15123
3,101,228,15587
3,101,223,15459
3,101,212,12738
3,101,226,15929
3,101,230,13599
3,101,224,13765
3,101,214,15290
3,101,219,15584
3,101,213,14326
3,101,225,15928
3,101,232,14827
3,101,215,15345
3,101,259,14831
3,101,26301,14834
3,101,260,14833
3,101,257,14930
3,101,258,14836
3,101,261,13767
3,101,256,14838
4,3,903,13085
4,3,901,13084
4,3,603,13614
4,3,4460,13139
4,3,459101,13700
4,3,4390,13138
4,3,4440,13835
4,3,4470,14755
4,3,4400,14057
4,3,4507,13832
4,3,4508,13831
4,3,451101,12870
4,3,451102,13213
4,3,4420,13202
4,3,459102,13295
4,3,4410,14058
4,3,4430,13238
4,3,4480,12921
4,3,4380,12924
4,3,4455,12904
4,3,4370,13836
4,3,4610,13543
4,3,2412,14462
4,3,2715,14508
4,3,2503,14463
4,3,2704,14995
4,3,2204,14461
4,3,2406,14468
4,3,2107,14925
4,3,2304,14467
4,3,2108,14436
4,3,2509,14507
4,3,2614,14470
4,3,2607,15156
4,3,2615,14469
4,3,2701,13898
4,3,2507,14506
4,3,2703,15098
4,3,2206,14994
4,3,2602,15009
4,3,2609,15155
4,3,2708,13701
4,3,2612,15008
4,3,2201,13879
4,3,2620,14471
4,3,4301,13830
4,3,4314,13833
4,3,4263,13318
4,3,4281,15482
4,3,4282,13881
4,3,4171,14466
4,3,429201,14041
4,3,4293,13317
4,3,4295,14376
4,3,4296,13838
4,3,4311,14355
4,3,4302,13201
4,3,4172,14465
4,3,4264,15145
4,3,4267,15372
4,3,4268,13715
4,3,4180,13319
4,3,4271,13214
4,3,4270,15209
4,3,4190,13609
4,3,4294,15146
4,3,4291,15099
4,3,429202,13837
4,3,4297,15100
4,3,4340,14512
4,3,4360,13855
4,3,4350,14511
4,3,414101,14153
4,3,4060,14626
4,3,4133,14375
4,3,414102,14766
4,3,4142,12992
4,3,408002,15018
4,3,413201,12920
4,3,4134,13516
4,3,413202,12919
4,3,4050,12918
4,3,408001,14627
4,3,412002,14306
4,3,4040,12917
4,3,4011,14106
4,3,4131,14230
4,3,4035,13608
4,3,415001,14231
4,3,415002,14957
4,3,4020,14447
4,3,4160,13517
4,3,407001,14105
4,3,4100,14509
4,3,4090,14229
4,3,4012,13916
4,3,4110,14510
4,3,407002,15019
4,3,412001,12916
4,3,4013,14172
4,3,4135,14767
4,3,523701,14150
4,3,5253,13913
4,3,526101,14423
4,3,5251,14299
4,7,6045,12248
4,7,6044,12247
4,7,6041,15091
4,7,6048,14094
4,7,6043,12249
4,7,6046,12587
4,7,6047,13748
4,7,6042,13750
4,7,6040,12250
4,7,600102,14904
4,7,600101,14555
4,7,6003,14023
4,7,6002,14022
4,7,6018,14120
4,7,6037,12586
4,7,603802,14122
4,7,603801,12477
4,7,6039,14095
4,7,603803,14123
4,19,912101,14060
4,19,9114,13760
4,19,9127,15068
4,19,9118,13759
4,19,9122,14059
4,19,9113,13492
4,19,911502,14096
4,19,9124,14678
4,19,9128,14425
4,19,9117,11558
4,19,9123,14564
4,19,9120,14565
4,19,912102,11559
4,19,911501,12595
4,19,9116,11557
4,19,9119,13170
4,73,110,13433
4,73,113,14383
4,73,108,13999
4,73,107,13137
4,73,115,13199
4,73,117,13771
4,73,114,14384
4,73,112,15273
4,73,103,14393
4,73,111,12925
4,73,105,15053
4,73,102,15271
4,73,116,14385
4,73,118,13200
4,73,104,14394
4,73,106,13872
4,73,8,12900
4,73,3,13435
4,73,1,12898
4,73,4,13136
4,73,2,13434
4,73,6,12777
4,73,9,12778
4,73,10,12901
4,73,7,12899
4,85,32702,13519
4,85,32701,15558
4,85,331,15855
4,129,8002,13531
4,129,8003,14579
4,129,8004,16131
4,129,8005,13530
4,129,8006,13930
4,129,8007,16133
4,129,8008,13533
4,129,8009,13532
4,129,801001,14578
4,129,8001,16132
4,129,801002,15625
4,129,8011,15352
5,5,9804,14314
5,5,9802,14313
5,5,9805,12093
5,5,9806,14840
5,5,9807,15247
5,5,9808,12591
5,5,9809,14972
5,5,9810,14973
5,5,9812,14869
5,5,9813,14402
5,5,9816,14233
5,5,9815,14485
5,5,9817,14286
5,5,9803,15062
5,5,9801,14887
5,5,9811,15246
5,5,9814,14483
5,5,9818,14484
5,5,9819,14401
5,13,1009,12361
5,13,1016,12576
5,13,1007,13678
5,13,1017,12572
5,13,1015,13183
5,13,1019,12573
5,13,1018,13276
5,13,1006,13210
5,13,10101,15244
5,13,10103,13273
5,13,10401,13275
5,13,10102,13274
5,13,10402,13929
5,13,107,13791
5,19,9025,11809
5,19,9022,12393
5,19,9030,12610
5,19,9031,12594
5,19,9101,13480
5,19,9112,13128
5,19,9024,11560
5,19,9102,13316
5,19,9029,13129
5,19,9106,13038
5,19,9107,13039
5,19,9109,13040
5,19,9026,12522
5,19,9108,13041
5,19,9111,13127
5,19,9103,14250
5,19,9110,14602
5,19,9023,11988
5,21,118,15034
5,21,122,13441
5,21,124,11792
5,21,123,11952
5,21,121,14061
5,21,128,13708
5,21,120,15033
5,21,119,12009
5,27,102,15250
5,27,104,14618
5,27,103,15268
5,27,105,14866
5,23,9601,11671
5,23,9602,14400
5,27,118,14371
5,27,11902,14372
5,27,11901,14370
5,31,9906,11180
5,33,3316,11824
5,33,3319,14846
5,31,9902,12989
5,31,9903,14419
5,31,9909,14228
5,33,3301,15249
5,31,9904,12990
5,31,9901,14104
5,33,3303,11181
5,33,3305,13876
5,33,3306,14795
5,33,3302,11902
5,33,3307,15481
5,33,3308,15536
5,31,9907,14885
5,33,3310,11645
5,33,3311,11713
5,31,9905,14247
5,33,3312,11712
5,33,3309,14935
5,33,3317,14934
5,33,3304,15367
5,33,3318,14373
5,39,1105,13956
5,39,1106,11290
5,39,1103,14441
5,39,1104,14916
5,39,1118,11459
5,39,1120,14969
5,39,1119,14213
5,39,1113,14374
5,47,9905,12023
5,47,9910,14487
5,47,9902,15075
5,47,9901,14921
5,47,9909,14486
5,47,9911,12024
5,53,9801,14391
5,53,9802,15188
5,61,9501,14171
5,61,9502,14170
5,63,9616,12345
5,63,9618,15457
5,63,9619,15346
5,63,9620,14217
5,61,9505,14252
5,65,9502,15051
5,73,109,15532
5,73,101,15186
5,83,4209,15631
5,83,4212,14301
5,83,4211,16238
5,85,311,16040
5,85,303,14662
5,85,313,14663
5,85,316,14543
5,85,32602,14665
5,85,306,13024
5,85,320,15177
5,85,328,13882
5,85,307,16038
5,85,302,13025
5,85,304,14661
5,85,318,14302
5,85,324,14542
5,85,32501,14964
5,85,32502,14965
5,85,314,14664
5,85,32601,14659
5,85,315,14967
5,85,319,14963
5,85,323,14966
5,85,312,13562
5,85,305,13096
5,87,9603,14459
5,87,9602,15931
5,121,2012,12648
5,121,2013,14839
5,121,2009,13686
5,121,2014,14597
5,121,2007,13685
5,121,2011,15073
5,121,2015,13899
5,121,2002,15270
5,121,2006,16044
5,121,2008,15324
5,129,8025,14244
5,129,8019,13534
5,129,8026,14580
5,129,8016,15881
5,129,8015,16129
5,129,8018,15986
5,129,8027,14118
5,129,8024,14240
5,129,8028,14132
5,129,801703,14464
5,129,8037,15016
5,129,8038,13979
5,129,8077,14554
5,129,807402,14669
5,129,807401,14005
5,129,8076,14006
5,129,8079,14988
6,11,26,12523
6,11,10904,12384
6,11,10902,12524
6,11,111,13627
6,11,11901,12660
6,11,10905,12503
6,11,118,13133
6,11,27,12525
6,11,11602,13341
6,11,102,15011
6,11,104,13391
6,11,107,14445
6,11,113,12101
6,11,11601,12661
6,11,112,13847
6,11,106,14825
6,11,108,14398
6,11,23,12406
6,11,25,13848
6,11,105,13393
6,11,10903,12369
6,11,110,12405
6,11,11603,13846
6,11,11701,15412
6,11,101,13928
6,11,10301,14821
6,11,10302,13792
6,11,29,15413
6,11,11702,15080
6,11,115,12480
6,11,114,12530
6,11,11703,14249
6,11,7,12383
6,11,8,12378
6,11,3,14289
6,11,4,12389
6,11,6,12382
6,11,1,12615
6,11,2,12141
6,11,5,12535
6,11,21,12532
6,11,22,12526
6,11,16,12613
6,11,12,12612
6,11,9,12390
6,11,19,12616
6,11,11,13131
6,11,13,12590
6,11,14,13626
6,11,15,12100
6,11,10,13628
6,11,17,12614
6,11,20,12533
6,11,127,12568
6,11,130,13648
6,11,125,12569
6,11,137,12099
6,11,138,14003
6,11,140,12513
6,11,141,14955
6,11,126,12534
6,11,135,13089
6,11,128,12510
6,11,139,13870
6,29,3048,14769
6,75,30,15199
6,71,10101,15204
6,71,10202,12795
6,71,10102,12796
6,71,10201,13850
6,71,11801,13091
6,71,12401,12717
6,71,122,12716
6,71,12301,12691
6,71,127,13616
6,71,119,12496
6,71,129,12776
6,71,130,13377
6,71,12602,14311
6,71,13101,13242
6,71,13203,12718
6,71,12601,14797
6,71,12501,13849
6,71,13204,13056
6,71,13302,12549
6,71,13202,13163
6,71,13102,13090
6,71,12101,14164
6,71,12502,12731
6,71,12402,12500
6,71,12302,13381
6,71,128,12347
6,71,14101,13036
6,71,14401,13258
6,71,13901,14036
6,71,14501,15148
6,71,14402,14043
6,71,140,14035
6,71,14102,12831
6,71,14202,14953
6,71,14201,14951
6,91,208903,13402
6,91,208905,13712
6,91,208702,13448
6,91,2091,14316
6,91,208906,13447
6,91,208704,14641
6,107,14,14807
6,107,16,15747
6,107,15,15748
6,107,1,14603
6,107,4,14163
6,107,6,14134
6,107,7,14267
6,107,5,14135
6,107,36,13886
6,107,39,13885
6,107,33,13867
6,107,26,14090
6,107,35,15895
6,107,18,14182
6,107,32,13981
6,107,28,14067
6,107,21,15750
6,107,22,14308
6,107,25,13788
6,107,29,15555
6,107,17,13865
6,107,30,14805
6,107,38,13982
6,107,34,15989
6,107,19,14181
6,107,23,14309
6,107,27,14091
6,107,24,14307
6,107,20,15749
6,107,31,13866
7,29,300202,13373
7,29,300109,14325
7,29,300301,13398
7,29,300101,14772
7,29,300103,11942
7,29,300303,11829
7,29,3004,11460
7,29,300104,11607
7,29,300106,11661
7,29,300201,11606
7,29,300108,14209
7,29,300107,14342
7,29,300302,11258
7,29,3024,11554
7,29,3026,11718
7,29,302701,11732
7,29,302702,11551
7,29,3025,11734
7,29,302703,11584
7,29,302704,11531
7,29,302802,11883
7,29,302803,11885
7,29,302102,11941
7,29,302804,11532
7,29,302805,11585
7,29,302901,13239
7,29,302902,11735
7,29,3030,13240
7,29,3031,14406
7,29,302101,12061
7,29,302204,12062
7,29,3023,11553
7,29,3032,14408
7,29,3036,14634
7,29,303801,11716
7,29,303802,14923
7,29,3039,14531
7,29,3104,11717
7,29,3109,11736
7,45,401103,12755
7,45,4007,12753
7,45,401101,12734
7,45,400801,12431
7,45,400302,14920
7,45,400802,12339
7,45,4009,12861
7,45,4010,12863
7,45,403001,14140
7,45,403104,13585
7,45,4012,12862
7,45,401301,12865
7,45,4016,13521
7,45,4019,12442
7,45,4021,15400
7,45,4028,13574
7,45,401501,12444
7,45,4022,12447
7,45,401502,12985
7,45,403103,12983
7,45,4033,12443
7,45,403401,14260
7,45,401302,12439
7,45,4023,13845
7,45,4024,14223
7,45,4027,14222
7,45,403002,12984
7,45,401402,12440
7,45,403402,14226
7,45,403501,12757
7,45,401104,13362
7,45,4018,12340
7,45,4020,12441
7,45,403101,14138
7,45,4032,12975
7,45,4026,12664
7,45,4025,12979
7,45,4029,14224
7,45,401401,12438
7,45,404103,15403
7,45,4046,13429
7,45,406201,13427
7,45,403602,14225
7,45,403701,14706
7,45,404002,12933
7,45,403902,12908
7,45,404101,13006
7,45,4044,12910
7,45,4051,13576
7,45,4053,12875
7,45,403502,14259
7,45,4050,12808
7,45,403702,14918
7,45,404004,14142
7,45,4054,12876
7,45,4057,12427
7,45,4045,13425
7,45,4048,13432
7,45,4058,13575
7,45,404102,13017
7,45,4061,13424
7,45,404003,14144
7,45,4056,15014
7,45,4038,12995
7,45,4047,13428
7,45,4049,13430
7,45,4042,14258
7,45,4043,15274
7,45,4052,13577
7,45,403901,12909
7,45,403601,13016
7,45,406801,12809
7,45,4076,14139
7,45,407501,13761
7,45,4063,13431
7,45,406902,12172
7,45,407201,12977
7,45,4077,12981
7,45,4070,12907
7,45,407801,12980
7,45,407802,12866
7,45,407803,12665
7,45,407805,12978
7,45,406202,12626
7,45,406402,12022
7,45,407806,12982
7,45,407804,12446
7,45,406803,14937
7,45,4073,12879
7,45,4066,15015
7,45,406904,12878
7,45,407102,12986
7,45,406802,12428
7,45,407404,12758
7,45,406401,12807
7,45,4065,15648
7,45,407101,14256
7,45,406903,13426
7,45,407202,14141
7,45,407401,14143
7,45,407502,12976
7,45,4101,13844
7,45,4100,15172
7,45,408001,13696
7,45,4085,13020
7,45,407903,12445
7,45,408102,13140
7,45,407901,12429
7,45,408101,11628
7,45,408002,12864
7,45,4093,13112
7,45,409803,15955
7,45,409902,13018
7,45,409903,11626
7,45,4094,13697
7,45,409904,14593
7,45,410301,13584
7,45,4102,15248
7,91,205801,15216
7,91,201302,13406
7,91,201404,13300
7,91,201409,14130
7,91,201606,13645
7,91,201301,13265
7,91,201406,13964
7,91,201411,13408
7,91,201410,13266
7,91,201605,13604
7,91,201408,13267
7,91,201203,13389
7,91,201204,12456
7,91,203207,13302
7,91,203203,13299
7,91,201706,14504
7,91,203302,14241
7,91,203304,13542
7,91,203303,13909
7,91,2037,13541
7,91,203402,13907
7,101,56,15329
7,101,52,14586
7,101,57,15328
7,101,58,15302
7,101,55,14529
7,101,54,14528
7,101,59,15330
7,101,68,15654
8,17,100102,14221
8,17,100103,13937
8,17,101503,13178
8,17,101506,11596
8,17,101504,13177
8,17,100809,11926
8,17,101505,11768
8,17,1013,11597
8,17,1009,10840
8,17,100811,12217
8,17,100808,11623
8,17,1011,10841
8,17,101405,12218
8,17,101403,13184
8,17,1012,11775
8,17,101404,12215
8,17,101401,13902
8,17,101607,13489
8,17,100810,10842
8,17,1010,10871
8,17,105702,14097
8,17,105503,11927
8,17,105704,15134
8,17,105801,12095
8,17,105006,12097
8,17,105505,14175
8,17,105507,11625
8,17,105506,13153
8,17,105807,11476
8,17,105810,11475
8,17,105806,14098
8,17,105811,11769
8,17,105812,12213
8,17,105805,12214
8,17,105809,11766
8,17,105808,11923
8,17,1059,14099
8,17,100104,13936
8,17,100206,11930
8,17,100210,11932
8,17,100304,11933
8,17,100105,12094
8,17,100212,11929
8,17,100302,14220
8,17,100404,11931
8,17,100307,12281
8,17,100407,11778
8,17,100403,14100
8,17,100209,12272
8,17,100303,15133
8,17,1007,11936
8,17,100208,13935
8,17,100306,11935
8,17,100207,11934
8,17,100408,13185
8,17,100211,12219
8,17,100406,11767
8,17,100401,11928
8,17,100201,13901
8,17,1005,14193
8,17,100402,11904
8,17,1006,14219
8,17,100803,13186
8,17,100804,11774
8,17,100805,12216
8,17,100807,11474
8,91,200301,12455
8,91,200103,15344
8,91,200106,14324
8,91,200502,14128
8,91,200307,13269
8,91,200507,14127
8,91,2002,13606
8,91,200308,13304
8,91,200309,13450
8,91,200105,15213
8,91,200310,14065
8,91,200104,14246
8,91,200306,15343
8,91,201502,14500
8,91,201501,15214
8,91,201607,13646
8,91,201608,13419
8,91,2021,13595
8,91,2018,12842
8,91,201901,14911
8,91,2020,14913
8,101,302,13949
8,101,303,14880
8,101,304,14882
8,101,305,14929
8,101,306,14290
8,101,330,14381
8,101,308,14879
8,101,331,12737
8,101,334,15279
8,101,336,15277
8,101,310,15580
8,101,314,15583
8,101,319,13952
8,101,324,13860
8,101,318,13948
8,101,329,14382
8,101,332,12851
8,101,337,15295
8,101,315,12739
8,101,309,14881
8,101,316,13714
8,101,333,15278
8,101,338,15296
8,101,312,12841
8,101,326,14883
8,101,307,15425
8,101,317,13951
8,101,311,12736
8,101,313,15581
8,101,322,15652
8,101,327,13861
8,101,328,13863
8,101,36301,15927
8,101,36302,14074
8,101,36303,15926
8,101,339,15424
8,101,34701,14849
8,101,34802,15428
8,101,34803,13768
8,101,352,14526
8,101,340,15276
8,101,341,15423
8,101,342,14832
8,101,343,14852
8,101,35301,15334
8,101,354,12730
8,101,34702,14783
8,101,355,15426
8,101,357,14976
8,101,360,12729
8,101,361,14073
8,101,359,15444
8,101,356,15421
8,101,346,14851
8,101,349,14762
8,101,344,15422
8,101,36202,14075
8,101,345,14850
8,101,34801,14761
8,101,358,14975
8,101,36201,13766
9,9,9811,13491
9,9,9804,14002
9,9,9810,14208
9,9,9802,13977
9,9,9801,14001
9,9,9808,12404
9,9,9809,13610
9,9,9806,12850
9,9,9807,12494
9,9,9803,14697
9,9,9805,14563
9,13,1004,13247
9,13,1011,12571
9,13,1008,13209
9,13,1012,13753
9,13,1003,12574
9,13,1002,12570
9,13,1005,13246
9,13,1014,12575
9,13,11001,15487
9,13,106,12936
9,13,113,15211
9,13,114,13248
9,13,111,12360
9,13,115,14980
9,13,116,15096
9,13,105,14711
9,13,112,12479
9,13,108,14796
9,13,11002,12766
9,13,109,12478
9,21,112,12352
9,21,117,13707
9,21,111,15057
9,21,115,14030
9,21,116,12365
9,21,125,12363
9,21,126,12364
9,21,127,13738
9,21,129,12915
9,21,114,14399
9,21,130,12366
9,21,14,13111
9,21,103,12357
9,21,101,14365
9,21,104,12354
9,21,113,12520
9,21,110,12517
9,21,102,13027
9,21,131,14155
9,21,133,15056
9,21,132,12367
9,21,3,13015
9,21,8,13755
9,21,1,12518
9,21,9,13754
9,21,12,13026
9,21,4,12353
9,21,10,13028
9,21,11,14366
9,21,5,12356
9,21,7,12359
9,21,6,12516
9,21,13,12368
9,21,2,12519
9,33,3313,11715
9,33,3314,15794
9,33,3315,14710
9,55,107,14780
9,55,101,15203
9,55,104,13010
9,55,102,15036
9,55,106,12961
9,55,120,14640
9,55,118,12835
9,55,124,12868
9,55,119,15490
9,55,110,12922
9,55,117,14793
9,55,121,15803
9,55,122,13807
9,57,9902,13970
9,55,12501,15165
9,57,9903,14763
9,55,115,14778
9,55,112,13012
9,55,113,12834
9,55,114,13014
9,55,109,13013
9,55,116,15074
9,55,123,12836
9,55,108,12962
9,55,111,13011
9,57,9901,14285
9,61,9506,14227
9,61,9511,15266
9,63,9609,12945
9,63,961102,14576
9,61,9508,12453
9,63,961101,14574
9,63,9614,15171
9,63,9615,15401
9,63,9607,12944
9,61,9513,15044
9,63,9604,13875
9,63,9602,13873
9,63,9605,14572
9,63,9606,15170
9,63,9601,15045
9,63,9610,14573
9,61,9509,13294
9,61,9510,13971
9,63,9603,13874
9,63,9612,14575
9,63,9613,12454
9,61,9504,13135
9,63,9608,14717
9,61,9512,15267
9,61,9503,13293
9,65,9507,12946
9,65,9513,12948
9,65,9505,14157
9,65,9503,15052
9,63,9622,15836
9,65,9506,13586
9,65,9504,14158
9,65,9510,13650
9,65,9509,13649
9,65,9511,14392
9,65,9512,12947
9,65,9508,13742
9,111,203,15721
9,111,213,14494
9,111,215,12465
9,111,202,15049
9,111,216,12464
9,111,217,15802
9,129,8030,13535
9,129,8031,14103
9,129,8035,14117
9,129,804501,14600
9,129,8049,13228
9,129,8050,15393
9,129,804701,15031
9,129,8046,14458
9,129,804702,14596
9,129,8044,13573
9,129,8043,15309
9,129,8042,15092
9,129,804502,14884
9,129,804802,15629
9,129,8071,13975
9,129,8082,14268
9,129,8072,15275
9,129,8078,14592
9,129,8081,15735
9,129,8083,15351
9,129,8073,15308
10,15,9801,14752
10,15,9803,14753
10,15,9807,13939
10,15,9809,13973
10,15,9810,13974
10,15,9811,14016
10,15,9812,14628
10,15,9802,14905
10,15,9804,14754
10,15,9813,13854
10,15,9814,14124
10,15,9805,14429
10,15,9806,14430
10,15,9808,12767
10,27,113,12087
10,27,116,12088
10,27,114,12084
10,27,109,15245
10,27,115,12089
10,27,117,12090
10,27,108,14865
10,27,112,11788
10,27,107,15349
10,27,101,14443
10,27,106,11514
10,27,110,12086
10,27,111,11581
10,27,123,11975
10,27,128,11786
10,27,126,11785
10,27,121,11781
10,27,127,11783
10,27,120,11976
10,27,122,11780
10,27,124,11784
10,27,125,11782
10,35,9702,14148
10,35,9703,14623
10,35,9704,13871
10,35,9701,14349
10,39,1108,11260
10,35,9707,11855
10,39,1109,14440
10,39,1110,14765
10,39,1111,15149
10,39,1102,13851
10,39,1107,11658
10,39,1112,14729
10,37,501,13980
10,39,1101,14801
10,35,9706,11869
10,35,9708,14296
10,37,502,14719
10,35,9709,14696
10,35,9705,13204
10,49,104,14363
10,49,108,12745
10,49,10104,14971
10,49,10202,15398
10,49,10301,14687
10,49,10902,13212
10,49,10904,14686
10,49,10303,14571
10,49,11802,14855
10,49,12001,14364
10,49,12201,14970
10,49,11801,14362
10,49,121,14348
10,81,3,14720
10,81,4,14721
10,81,5,13416
10,79,2161,14562
10,81,6,14300
10,81,8,12651
10,79,215702,14396
10,79,215701,13619
10,79,2159,15759
10,81,1,13415
10,79,2160,14397
10,79,2158,14395
10,81,2,14304
10,81,102,14847
10,81,109,16046
10,81,113,14245
10,83,4210,15549
10,81,103,13817
10,83,4202,13384
10,83,4203,13383
10,81,104,12657
10,81,105,14378
10,81,114,12650
10,81,116,14323
10,81,119,16047
10,81,110,13818
10,83,4201,14218
10,83,4204,13417
10,81,9,14722
10,81,118,13728
10,83,4205,14598
10,83,4206,14570
10,81,10,14322
10,81,108,16048
10,81,117,14557
10,81,101,15609
10,81,107,12658
10,81,112,14530
10,81,106,15129
10,81,111,13819
10,83,4207,15837
10,83,4208,16237
10,93,9501,16050
10,97,9601,15176
10,97,9602,15800
10,105,9502,12425
10,105,9504,16052
10,105,9503,14133
10,105,9501,12426
10,105,9505,16051
10,117,9901,14894
10,115,324,14910
10,113,9801,15438
10,115,320,15529
10,115,321,15439
10,113,9802,15862
10,115,322,15440
10,115,327,15547
10,115,323,15320
10,115,328,15050
10,115,32902,14438
10,115,325,15029
10,115,326,14732
10,115,32901,14437
10,121,2000,15484
10,117,9910,13703
10,117,9906,15030
10,117,9907,13967
10,117,9909,14291
10,117,9902,15617
10,117,9908,13968
10,117,9905,13820
10,117,9903,15618
10,117,9904,15163
10,123,9705,14012
10,123,9709,15630
10,123,9702,13900
10,123,9704,16019
10,123,9707,15545
10,123,9712,15991
10,123,9708,14013
10,123,9711,16018
10,123,9701,14026
10,127,9602,15450
10,127,9610,15232
10,127,9603,15526
10,127,9609,14672
10,127,9604,13954
10,127,9601,15285
10,127,9607,13955
10,127,9608,14577
10,131,4001,16239
10,131,4002,13256
11,69,1029,12793
11,69,1014,13689
11,69,1103,14694
11,69,110201,14830
11,69,110403,13813
11,69,1106,15710
11,69,110401,13078
11,69,1027,12792
11,69,1012,14165
11,69,1013,14166
11,69,1107,13336
11,69,1031,12791
11,69,1108,13337
11,69,1109,13338
11,69,1017,13687
11,69,1030,12790
11,69,110202,13461
11,69,1023,14191
11,69,1105,13077
11,69,1110,13500
11,69,1025,13787
11,69,1016,13811
11,69,1022,13785
11,69,1026,14688
11,69,1028,12794
11,69,1101,15709
11,69,110402,13076
11,69,1018,13688
11,69,1011,13652
11,69,1019,13809
11,69,1020,14261
11,69,1021,13783
11,69,1004,13786
11,69,1005,13781
11,69,1006,13782
11,69,1008,13655
11,69,1009,13654
11,69,1010,13653
11,69,1002,14190
11,69,1003,13784
11,79,2005,12536
11,79,2009,12960
11,79,2013,13625
11,79,2002,12998
11,79,2012,12997
11,79,2014,12957
11,79,2004,12538
11,79,2006,12824
11,79,2001,12958
11,79,2003,12999
11,79,2007,12540
11,79,2008,12539
11,79,2010,12959
11,79,2011,12956
11,79,211102,15452
11,79,2119,13657
11,79,2121,13423
11,79,2120,13463
11,79,2108,12826
11,79,211303,15454
11,79,2122,12954
11,79,2123,12955
11,79,2105,14812
11,79,2101,14351
11,79,2115,12953
11,79,2106,12827
11,79,2109,12828
11,79,2102,12328
11,79,211101,12329
11,79,2103,12551
11,79,2107,12326
11,79,211201,14799
11,79,2110,12325
11,79,2016,13618
11,79,211701,14908
11,79,2104,12327
11,79,2015,12902
11,79,211203,15453
11,79,211301,12391
11,79,211202,14811
11,79,211302,14907
11,79,2114,12952
11,79,211304,14287
11,79,2116,12387
11,79,211702,13658
11,79,2118,12996
11,79,2131,12972
11,79,2142,12460
11,79,2129,13623
11,79,2139,13622
11,79,2137,13001
11,79,2144,10722
11,79,2128,13578
11,79,2134,13422
11,79,2127,13620
11,79,2133,13462
11,79,2140,12458
11,79,2136,13000
11,79,2138,13272
11,79,2145,12537
11,79,2132,13621
11,79,2148,10597
11,79,2143,13032
11,79,2141,10720
11,79,2147,12942
11,79,2130,13624
11,79,2152,12541
11,69,1129,15483
11,69,1127,14810
11,69,1118,14808
11,69,1126,14809
11,69,1121,13810
11,69,1112,13814
11,69,1124,14794
11,69,1114,13297
11,69,1111,14192
11,69,1120,14042
11,69,1122,13656
11,69,1116,13141
11,69,1123,14718
11,69,1113,13815
11,69,1125,13812
11,69,1115,13298
11,69,1117,13169
11,69,1128,15185
11,89,300302,13889
11,127,9612,16053
11,127,9613,15666
11,127,9614,15554
11,131,4004,13523
11,131,4005,14989
11,131,4006,13727
11,131,4007,13230
11,131,4003,14558
12,3,4886,13484
12,3,490003,13411
12,3,489001,13945
12,3,490004,13030
12,3,491102,14981
12,3,491101,13412
12,3,4993,13485
12,3,4912,14942
12,3,496101,14115
12,3,4994,13486
12,3,5010,14524
12,3,5020,14114
12,3,4940,13120
12,3,4928,13439
12,3,5050,14055
12,3,496102,12647
12,3,4930,13031
12,3,4980,14523
12,3,503001,14320
12,3,4927,13582
12,3,4929,14943
12,3,4950,12869
12,3,4962,14535
12,3,4970,14924
12,3,5003,14944
12,3,5234,14110
12,3,523702,13834
12,3,521402,14056
12,3,5215,13692
12,3,521401,14895
12,3,5232,14111
12,3,5233,13702
12,3,523501,14803
12,3,5236,14377
12,3,5212,14532
12,3,523502,14405
12,3,5211,13693
12,3,5513,14032
12,3,526302,12853
12,3,526102,15144
12,3,526201,13976
12,3,526301,13729
12,3,526202,12893
12,3,5524,14945
12,21,10802,15059
12,21,109,15060
12,21,10801,15058
12,21,105,14856
12,21,106,12355
12,21,107,12358
12,51,260401,14992
12,51,2605,15094
12,51,2606,12436
12,51,2608,12932
12,51,2609,12963
12,51,2603,14991
12,51,260402,14343
12,51,2607,15708
12,51,2610,12931
12,51,2601,14344
12,51,2602,14433
12,51,2615,12435
12,51,2617,13143
12,51,2625,13142
12,51,2620,12811
12,51,2628,13008
12,51,2629,13374
12,51,2618,13744
12,51,2624,12833
12,51,2616,12495
12,51,2627,15360
12,51,2612,14993
12,51,2623,13145
12,51,2630,13375
12,51,2614,14891
12,51,2622,13745
12,51,2626,15095
12,51,2632,13009
12,51,2633,13252
12,51,2619,13144
12,51,2631,15994
12,51,2611,16074
12,51,2613,15101
12,51,2621,12810
12,59,9707,14886
12,59,9708,14352
12,59,9705,13134
12,59,9706,13808
12,59,9701,14824
12,59,9702,15908
12,59,9703,15032
12,59,9704,15061
12,111,20102,15720
12,111,20101,15957
12,111,208,14848
12,111,218,12750
12,111,212,14518
12,111,204,14085
12,111,205,13537
12,111,211,14549
12,111,210,14731
12,111,214,12751
12,111,219,16232
12,111,206,15230
12,111,207,14086
12,111,209,14517
12,125,7320,15579
12,125,7753,15511
12,125,7817,13528
12,125,7610,15047
12,125,7711,15893
12,125,7620,15882
12,125,7557,14635
12,125,7637,14029
12,125,7731,15672
12,125,7712,14021
12,125,7752,15510
12,125,7827,15512
12,125,7832,15449
12,125,7727,14092
12,125,7747,16233
12,125,7552,13229
12,125,7732,13859
12,125,7640,14295
12,125,7840,12993
12,125,7957,15883
12,125,7922,15494
12,125,7833,12780
12,125,7910,12994
12,125,7921,15191
12,125,7947,14427
12,125,7937,15763
12,129,802102,12822
12,129,8014,16130
12,129,8022,15377
12,129,801701,15624
12,129,802301,15243
12,129,802302,14101
12,129,8012,16035
12,129,802001,12756
12,129,802103,16021
12,129,8029,14102
12,129,8032,16009
12,129,803301,16010
12,129,803302,14567
12,129,8013,15880
12,129,801702,13897
12,129,8034,14581
12,129,802101,16020
12,129,802002,15281
12,129,8041,13332
12,129,8051,15361
12,129,8064,15353
12,129,8065,15126
12,129,8040,13331
12,129,804801,14723
12,129,8054,15592
12,129,8056,15593
12,129,8058,15046
12,129,8055,13174
12,129,8039,15017
12,129,8060,13171
12,129,8061,15202
12,129,8036,13343
12,129,8062,16007
12,129,8059,16008
12,129,8063,15125
12,129,8052,14243
12,129,8084,13161
12,129,8070,15235
12,129,8066,13172
12,129,8067,13173
12,129,8069,15124
12,129,8085,14601
12,129,8086,15589
12,129,8068,15035
13,11,18,12511
13,11,12102,12611
13,11,131,14312
13,11,122,12481
13,11,136,12596
13,11,123,12512
13,11,132,14446
13,11,133,13392
13,11,13401,13903
13,11,13402,13904
13,11,142,14956
13,11,12103,12589
13,11,129,12136
13,11,124,13360
13,11,12001,12531
13,11,11902,15079
13,11,12002,12529
13,11,12101,12617
13,29,3005,14336
13,29,3009,14556
13,29,3006,13442
13,29,3011,14652
13,29,3007,11888
13,29,3008,12303
13,29,3010,31726
13,29,301401,14431
13,29,3016,14768
13,29,302202,13453
13,29,302203,11887
13,29,3020,13312
13,29,3015,13421
13,29,301202,11834
13,29,3019,11659
13,29,3017,11835
13,29,3018,11828
13,29,301402,13483
13,29,301201,14651
13,29,3013,14870
13,29,304101,11566
13,29,304202,11884
13,29,304404,11989
13,29,3047,11817
13,29,3055,11565
13,29,3043,11987
13,29,304402,11503
13,29,3056,11583
13,29,3057,11582
13,29,3051,13372
13,29,3049,14771
13,29,3050,11660
13,29,3052,12010
13,29,303401,11755
13,29,3033,13333
13,29,3040,13443
13,29,304102,11259
13,29,3045,14455
13,29,3046,14770
13,29,3053,13734
13,29,303402,11754
13,29,3035,11752
13,29,304201,12033
13,29,304403,12903
13,29,3054,13284
13,29,3037,11733
13,29,3077,14407
13,29,3105,11737
13,29,3060,11543
13,29,3074,11435
13,29,3076,11556
13,29,3070,11753
13,29,3065,13363
13,29,3058,11552
13,29,3067,14251
13,29,3062,11758
13,29,3071,11787
13,29,3079,15388
13,29,3080,13283
13,29,3063,11757
13,29,3078,13997
13,29,3081,13938
13,29,3102,11886
13,29,3069,11586
13,29,3064,11756
13,29,3082,13998
13,29,3059,11555
13,29,3061,11738
13,29,3066,14009
13,29,3072,11524
13,29,3073,11464
13,29,3075,14456
13,29,3068,14008
13,77,6302,15762
13,71,14601,13660
13,71,14502,15356
13,71,14602,14764
13,71,143,15169
13,91,206004,13407
13,91,206006,13449
13,91,206008,15311
13,91,206007,15212
13,91,206009,12974
13,91,206102,15294
13,91,206104,14063
13,91,206005,13268
13,91,2065,13538
13,91,206702,13926
13,91,206106,15312
13,91,206701,13118
13,91,206802,13404
13,91,206202,15310
13,91,2066,13713
13,91,206801,13927
13,91,206901,13403
13,91,206201,13388
13,91,2064,13539
13,91,206904,13894
13,91,206906,14017
13,91,206105,15083
13,91,2063,13540
13,91,201005,13386
13,91,200903,13925
13,91,201004,13924
13,91,200902,13561
13,91,2011,15115
13,91,200908,13401
13,91,200901,13895
13,91,200906,13923
13,91,201003,14018
13,91,200907,13400
13,91,201006,14040
13,91,203204,13390
13,91,209202,13496
13,91,208703,13560
13,91,208801,15527
13,91,208901,13711
13,91,208604,14019
13,91,208802,14928
13,91,208904,13399
13,91,208603,14357
13,91,208601,13446
13,91,2090,12838
13,91,209201,15081
14,3,305,13082
14,3,201,13985
14,3,404,14346
14,3,403,15066
14,3,406,12437
14,3,409,13986
14,3,501,13081
14,3,506,14676
14,3,507,15067
14,3,203,15065
14,3,402,13990
14,3,405,13984
14,3,103,15414
14,3,1201,13613
14,3,1011,13086
14,3,1014,14432
14,3,1303,12715
14,3,1017,13611
14,3,1102,15150
14,3,1304,13691
14,3,1203,12714
14,3,806,12894
14,3,1018,14107
14,3,1016,14109
14,3,1204,13612
14,3,1207,14452
14,3,709,13965
14,3,1113,14450
14,3,804,14448
14,3,1115,14335
14,3,1202,12854
14,3,1208,14454
14,3,1301,14946
14,3,1302,13615
14,3,708,14453
14,3,809,13083
14,3,902,13087
14,3,802,14677
14,3,1005,14108
14,3,706,13690
14,3,807,12855
14,3,1106,15151
14,3,1114,14449
14,3,510,14675
14,3,511,13080
14,3,605,14843
14,3,703,13988
14,3,705,12895
14,3,509,13079
14,3,1414,13487
14,3,1403,14160
14,3,1604,14738
14,3,1606,14715
14,3,1607,14714
14,3,1608,15795
14,3,1609,15078
14,3,1706,15796
14,3,1306,12823
14,3,1603,14740
14,3,1803,14743
14,3,1807,15282
14,3,1809,15283
14,3,1702,14636
14,3,1903,14637
14,3,1402,13989
14,3,1911,14667
14,3,1914,15387
14,3,1413,14496
14,3,1408,15105
14,3,1410,15104
14,3,1516,14497
14,3,1401,13966
14,3,1406,12735
14,3,1501,14498
14,3,1515,15077
14,3,1405,14451
14,3,1517,15076
14,3,1504,15153
14,3,1411,15112
14,3,1404,13987
14,3,1921,14742
14,3,1915,14744
14,3,2205,13880
14,3,4240,13915
14,3,4211,14709
14,3,4200,13914
14,3,4230,14025
14,3,4212,14298
14,3,4220,14297
14,3,4272,14654
14,3,4250,14653
14,3,2901,15376
14,3,3103,13933
14,3,2902,13912
14,3,2904,15374
14,3,3001,14741
14,3,3101,13857
14,3,3102,14708
14,3,4810,14739
14,3,4803,15154
14,3,4850,13917
14,3,4870,14321
14,3,4881,14899
14,3,4883,14900
14,3,4843,14705
14,3,4884,13022
14,3,4804,13465
14,3,4825,14083
14,3,4885,14707
14,3,4846,14534
14,3,4868,13488
14,3,4845,13464
14,3,4869,15054
14,3,4838,14898
14,3,4882,14084
14,3,4867,15055
14,3,4781,13467
14,3,5041,15121
14,3,503002,13440
14,3,5060,12923
14,3,5070,14786
14,3,5044,14560
14,3,5100,15120
14,3,5110,13023
14,3,5120,14414
14,3,5094,14354
14,3,5128,13910
14,3,5129,14410
14,3,5080,14533
14,3,5138,13572
14,3,518002,14413
14,3,520002,14288
14,3,521302,15369
14,3,5231,15152
14,3,518001,14412
14,3,5220,15373
14,3,5140,14386
14,3,5153,15606
14,3,5154,15107
14,3,5170,14411
14,3,520001,14756
14,3,521301,14559
14,3,5162,14033
14,3,5152,15605
14,3,5155,15106
14,3,5161,15602
14,3,5190,14112
14,3,5151,15607
14,3,5238,14424
14,3,5512,14536
14,3,5519,14897
14,3,5509,13918
14,3,5240,15210
14,3,5252,13911
14,3,5606,14159
14,3,5521,14010
14,3,5523,14031
14,3,5520,14151
14,3,5614,13571
14,3,5610,14544
14,3,5604,14909
14,3,5522,14319
14,3,5611,13695
14,3,5612,13730
14,3,5605,14161
14,3,5615,14034
15,17,1027,14698
15,17,1032,12768
15,17,102104,13227
15,17,1033,11519
15,17,102801,14679
15,17,103002,11779
15,17,1023,12934
15,17,1029,12935
15,17,1026,15119
15,17,103103,11608
15,17,103001,11276
15,17,102802,14681
15,17,1034,13732
15,17,103102,12045
15,17,103101,12567
15,25,203,15093
15,25,205,14814
15,25,20101,14116
15,25,209,11504
15,25,208,14906
15,25,204,14248
15,25,202,14409
15,25,207,11837
15,25,206,11343
15,25,20102,11696
15,77,12,13355
15,77,8,13192
15,77,1401,13358
15,77,1402,13219
15,77,1501,13217
15,77,1502,13436
15,77,16,13146
15,77,13,13356
15,77,10,13350
15,77,1,13191
15,77,4,13259
15,77,5,13243
15,77,2,13225
15,77,3,13260
15,77,11,13354
15,77,6,12987
15,77,9,13351
15,77,7,13190
15,77,6201,13166
15,77,54,15337
15,77,18,13352
15,77,6303,12550
15,77,5601,13254
15,77,6304,13220
15,77,5701,13105
15,77,6001,14207
15,77,2201,13348
15,77,58,12762
15,77,5901,12764
15,77,5502,14202
15,77,2302,14201
15,77,52,14689
15,77,19,13261
15,77,5702,14203
15,77,5703,14206
15,77,5902,12765
15,77,53,13253
15,77,6002,14205
15,77,6102,13244
15,77,17,13349
15,77,51,14798
15,77,6101,13271
15,77,6202,15338
15,77,5602,12763
15,77,2301,13245
15,77,2202,13270
15,77,21,13357
15,77,20,13353
15,77,5501,12673
15,77,6904,15431
15,77,6306,13223
15,77,70,15433
15,77,91,15167
15,77,92,14204
15,77,65,13222
15,77,6702,15339
15,77,64,15468
15,77,94,13224
15,77,6902,15432
15,77,6701,13226
15,77,6305,13218
15,77,6703,12857
15,77,6903,15340
15,77,66,13221
15,79,2146,12941
15,79,2154,14588
15,79,2150,10723
15,79,215501,13033
15,79,215502,12337
15,79,215503,12646
15,79,215504,12338
15,79,2149,12457
15,79,2151,12459
15,79,2153,15480
15,91,2073,15221
15,91,2078,16049
15,91,207004,13709
15,91,207103,15219
15,91,207101,13641
15,91,207201,13642
15,91,207202,15070
15,91,2079,12324
15,91,2080,14064
15,91,2081,12323
15,91,206905,13922
15,91,207003,13643
15,91,207104,14591
15,91,207001,13739
15,91,2074,15040
15,91,2075,15069
15,91,2076,15218
15,79,2167,13789
15,79,2166,12926
15,79,2168,14844
15,91,200707,15071
15,91,200708,13526
15,89,301301,15037
15,91,2008,13710
15,91,208302,13525
15,91,2084,12770
15,91,208301,12769
15,91,208204,14590
15,91,2085,14315
15,91,208203,15220
15,91,208201,15039
15,95,103,14262
15,95,107,14737
15,95,161,14303
15,95,16202,14703
15,95,16201,13235
15,95,17702,14735
15,95,17901,14725
15,95,16002,15669
15,95,163,14734
15,95,165,14551
15,95,166,14080
15,95,17701,13236
15,95,17902,14726
15,95,18002,14420
15,107,2,14066
16,37,510,12284
16,37,515,14800
16,37,513,15456
16,37,506,13890
16,37,504,11870
16,37,508,11345
16,37,512,11875
16,37,514,13891
16,37,511,11940
16,43,253,15086
16,43,248,14802
16,43,251,15616
16,43,249,15085
16,43,247,14868
16,43,24502,14088
16,43,250,13824
16,43,252,13780
16,43,254,15087
16,67,9704,16075
16,75,24,15297
16,75,1,13457
16,75,3,13455
16,75,4,13454
16,75,2701,13004
16,75,28,15229
16,75,22,13075
16,75,25,12346
16,75,2702,13051
16,75,2,13460
16,75,23,15667
16,75,21,15336
16,75,26,13458
16,75,5,13459
16,75,20,15608
16,75,31,15201
16,75,35,13216
16,75,29,13382
16,75,37,13003
16,75,36,13215
16,75,32,15200
16,75,41,15462
16,75,42,15461
16,75,34,13002
16,75,33,13456
16,79,2156,10721
16,71,9,13062
16,71,11,13061
16,71,14,12914
16,71,8,13344
16,71,12,13347
16,71,1,13063
16,71,15,13345
16,71,10,13064
16,71,2,13164
16,71,3,12789
16,71,4,13057
16,71,5,13054
16,71,6,13060
16,71,7,13058
16,71,11804,13617
16,71,11504,13378
16,71,11805,13746
16,71,114,13380
16,71,11702,13037
16,71,16,13065
16,71,11802,13684
16,71,110,14952
16,71,112,13379
16,71,113,12497
16,71,104,13661
16,71,111,15007
16,71,11503,13059
16,71,116,12783
16,71,10501,14310
16,71,103,14439
16,71,10502,12733
16,71,109,13662
16,71,11703,13241
16,71,11502,15751
16,71,11701,12788
16,71,11803,13007
16,71,12002,12502
16,71,12001,12501
16,71,13301,13346
16,71,13501,12897
16,71,12102,13376
16,71,13503,13055
16,71,13502,13664
16,71,13601,12896
16,71,13602,12832
16,71,134,13663
16,71,13701,12527
16,71,138,15063
16,71,13702,12528
16,71,13902,15206
16,79,2164,15043
16,79,2162,14361
16,79,2169,14845
16,79,2174,12859
16,79,2173,12825
16,79,217001,14350
16,79,2176,14200
16,79,2178,14199
16,79,2179,14195
16,79,217002,14196
16,79,2171,14198
16,79,2172,12860
16,79,216502,14194
16,79,2175,12858
16,79,2177,14197
16,79,216501,13790
16,97,9617,14038
16,97,9615,13579
16,97,9610,13195
16,97,9614,14039
16,97,9616,14037
16,97,9609,15013
16,97,9612,14968
16,97,9618,15548
16,97,9611,13196
16,97,9613,14072
16,97,9624,13197
16,97,9623,15231
16,107,13,14415
16,107,12,15396
16,107,10,16085
16,107,3,13972
16,107,8,14136
16,107,9,16084
16,107,11,15173
16,107,37,15990
17,41,101,14214
17,41,106,14890
17,41,107,13737
17,41,110,14000
17,41,108,15410
17,41,104,13821
17,41,103,14444
17,41,109,15084
17,41,112,13763
17,41,11303,15064
17,41,11304,15409
17,41,115,12395
17,41,111,15411
17,41,114,12821
17,41,11601,11723
17,41,105,13736
17,41,11302,13822
17,41,11305,15729
17,41,11301,14215
17,41,10201,14216
17,41,10202,13735
17,43,244,13762
17,43,24102,15746
17,43,243,13670
17,43,24103,14684
17,43,242,15187
17,43,246,13825
17,43,24101,14806
17,43,24503,13704
17,43,206,13671
17,43,204,13673
17,43,211,13827
17,43,212,13770
17,43,208,14474
17,43,209,14475
17,43,213,13772
17,43,214,13776
17,43,215,13675
17,43,201,15298
17,43,207,13669
17,41,11801,15368
17,43,203,13672
17,43,205,15535
17,43,22403,13522
17,43,216,14254
17,43,22604,13296
17,43,22401,13828
17,43,220,14253
17,43,228,13774
17,43,218,14089
17,43,221,13666
17,43,22603,13665
17,43,231,13162
17,43,236,12775
17,43,238,13779
17,43,230,13674
17,43,234,15615
17,43,233,13777
17,43,239,13778
17,43,22502,13826
17,43,24001,14472
17,43,24002,15205
17,43,222,13668
17,43,22601,12874
17,43,237,14473
17,43,235,14701
17,43,217,13773
17,43,227,13775
17,43,223,13667
17,43,22501,13806
17,43,219,14235
17,43,229,14700
17,75,40,14695
17,75,38,15910
17,75,39,15923
17,71,106,13896
17,71,10701,12498
17,71,10801,14347
17,71,10802,14353
17,71,10702,12499
17,99,30301,14131
17,99,304,15988
17,133,4,14178
17,133,10210,14682
17,133,10520,13993
17,133,20220,14545
17,133,15,14658
17,133,6,13367
17,133,14,14568
17,133,10120,13705
17,133,103,15181
17,133,201,13231
17,133,10110,14149
17,133,20210,15141
17,133,10130,14179
17,133,10220,14683
17,133,104,13569
17,133,5,14177
17,133,20921,14670
17,133,211,13198
17,133,21020,14939
17,133,20910,15737
17,133,21010,15543
17,133,228,15429
17,133,22910,14082
17,133,22920,14941
17,133,20922,12728
17,133,21220,15873
17,133,208,13420
17,133,225,14702
17,133,226,13756
17,133,21210,15159
17,133,21720,14804
17,133,21420,13364
17,133,20720,14940
17,133,21410,13706
17,133,227,12732
17,133,240,15636
17,133,231,15993
17,133,235,15623
17,133,239,15841
17,133,232,14730
17,133,23821,15591
17,133,230,15533
17,133,23822,15157
17,133,234,15982
17,133,23810,15744
17,133,233,14657
17,133,236,15704
17,133,23720,15921
17,133,23710,14137
18,3,1806,13877
18,3,1919,15109
18,3,1917,15108
18,3,1920,14713
18,3,1918,15111
18,3,1916,13934
18,3,451103,13237
18,3,456003,14428
18,3,456004,13580
18,3,4571,14356
18,3,4580,14822
18,3,453002,13257
18,3,4513,13527
18,3,4520,14156
18,3,4540,14792
18,3,4550,14932
18,3,4490,13518
18,3,453001,14931
18,3,456001,14604
18,3,4572,14842
18,3,4621,14232
18,3,459202,15603
18,3,460001,12905
18,3,460002,14655
18,3,4626,12906
18,3,459201,15389
18,3,2805,15021
18,3,2807,13395
18,3,2808,13731
18,3,2811,15088
18,3,2812,15604
18,3,2814,15097
18,3,2815,14712
18,3,2023,14024
18,3,2019,14668
18,3,2016,13983
18,3,2017,14927
18,3,2018,14926
18,3,2020,13943
18,3,2021,13878
18,3,2022,14435
18,3,4323,13856
18,3,4315,14404
18,3,4330,14280
18,3,4324,14403
18,3,3206,15110
18,3,3207,15024
18,3,3204,15375
18,3,4688,15370
18,3,4724,14788
18,3,4731,13758
18,3,474202,13587
18,3,4656,13396
18,3,4689,13931
18,3,4644,14434
18,3,4690,14345
18,3,4704,14823
18,3,4670,14716
18,3,4703,12991
18,3,4721,14785
18,3,4643,13694
18,3,4722,14784
18,3,4735,14561
18,3,4732,14789
18,3,4639,12871
18,3,4706,13932
18,3,473401,14790
18,3,4660,13397
18,3,4705,14547
18,3,4687,15023
18,3,4723,15022
18,3,4658,12779
18,3,473402,15208
18,3,473601,14933
18,3,473602,14546
18,3,474101,15207
18,3,4710,14787
18,3,474102,13947
18,3,474201,13544
18,3,4733,14548
18,3,4752,14162
18,3,475303,14081
18,3,475102,13545
18,3,475301,13546
18,3,475304,14113
18,3,474203,13588
18,3,475101,13409
18,3,480102,13941
18,3,475401,13944
18,3,4773,13468
18,3,4761,14279
18,3,4802,13946
18,3,4782,13466
18,3,475402,13581
18,3,4762,14791
18,3,4771,13940
18,3,4772,15371
18,3,4790,15113
18,3,480101,14656
18,3,490002,13029
18,3,489002,13410
18,7,604902,13751
18,7,605002,14093
18,7,604901,14007
18,7,605001,13892
18,7,6007,13747
18,7,6021,12122
18,7,602602,12138
18,7,6022,12210
18,7,602702,14121
18,7,6014,13109
18,7,6023,12372
18,7,6015,13110
18,7,600601,14903
18,7,602601,13359
18,7,602701,12058
18,7,6004,14173
18,7,6009,12078
18,7,6019,12121
18,7,6011,12251
18,7,6016,12079
18,7,6010,13752
18,7,6020,12212
18,7,6012,12583
18,7,6024,12211
18,7,6013,12252
18,7,600602,14119
18,7,6025,12139
18,7,6005,14027
18,7,6017,12253
18,7,6028,12077
18,7,6008,12592
18,7,6036,12585
18,7,6029,15020
18,7,6030,13749
18,7,603201,12475
18,7,603202,12246
18,7,6033,12140
18,7,6031,12584
18,7,6034,12476
18,7,6035,12373
18,125,7137,13413
18,125,7437,14622
18,125,7413,14070
18,125,7441,13444
18,125,7442,14605
18,125,7110,15190
18,125,7127,14014
18,125,7140,15722
18,125,7210,14902
18,125,7227,13953
18,125,7310,16017
18,125,7157,14071
18,125,7412,14538
18,125,7041,15504
18,125,7411,14589
18,125,7421,14621
18,125,7414,14537
18,125,7422,13829
18,125,7463,14020
18,125,7527,15448
18,125,7551,13858
18,125,7544,15506
18,125,7452,13978
18,125,7511,13804
18,125,7545,15048
18,125,7542,15507
18,125,7512,13805
18,125,7461,15953
18,125,7537,15505
18,125,7543,15503
18,125,7462,14015
18,125,7451,14152
18,125,7546,13529
19,1,31401,12241
19,1,316,14624
19,1,317,13942
19,1,31402,13205
19,1,31502,12243
19,1,31501,12242
19,1,306,12287
19,1,307,12377
19,1,302,15430
19,1,303,14416
19,1,30102,13957
19,1,305,12286
19,1,31203,14625
19,1,313,12244
19,1,309,12971
19,1,31102,14673
19,1,310,15103
19,1,30101,15495
19,1,31201,14648
19,1,31202,14674
19,1,308,14901
19,1,31101,14649
19,1,304,15102
19,37,507,11871
19,37,509,11344
19,37,505,13255
19,37,503,15455
19,41,11602,15707
19,41,11603,14829
19,41,117,16076
19,41,11802,12820
19,41,11803,15408
19,41,11902,12397
19,41,122,11721
19,41,128,11719
19,41,125,13823
19,41,130,15010
19,41,13102,16135
19,41,127,15386
19,41,120,12741
19,41,129,11722
19,41,132,15728
19,41,124,12742
19,41,13101,15489
19,41,11901,15463
19,41,123,12396
19,41,121,11720
19,41,126,15486
19,55,103,14896
19,55,105,14779
19,55,12502,15166
19,67,9701,15335
19,67,9702,15466
19,67,9703,15761
19,87,9608,12965
19,87,9612,15930
19,87,9606,15621
19,87,9611,15863
19,87,9610,12203
19,87,9605,13887
19,87,9604,13888
19,87,9607,12964
19,87,9601,15175
19,87,9609,12966
19,93,9503,13869
19,93,9502,15378
19,93,9504,13868
19,99,30302,15676
19,99,30501,15924
19,97,9620,15718
19,99,302,16086
19,99,30502,15760
19,97,9604,15809
19,99,30601,15952
19,99,30602,14154
19,97,9607,15647
19,97,9608,15012
19,97,9621,15350
19,97,9622,15160
19,97,9605,15716
19,97,9606,15717
19,97,9603,15801
19,97,9619,14054
19,99,301,16054
19,109,9803,14212
19,109,9801,15394
19,109,9802,14426
19,109,9804,16083
19,109,9805,14242
19,109,9806,14211
19,109,9807,15395
19,119,9904,15284
19,119,9903,13969
19,119,9902,15354
19,119,9901,14069
19,119,9906,15293
19,119,9907,15292
19,119,9905,15291
19,133,1,13368
19,133,2,14180
19,133,3,14569
19,133,20310,14671
19,133,13,13365
19,133,9,13994
19,133,7,13498
19,133,10510,15158
19,133,20420,15142
19,133,20510,15705
19,133,20521,13414
19,133,20522,15508
19,133,206,15872
19,133,20410,15888
19,133,20320,15553
19,133,11,15706
19,133,12,13369
19,133,10,13370
19,133,16,13996
19,133,8,13995
19,133,20710,13524
19,133,223,14990
19,133,224,15590
19,133,221,13992
19,133,218,13203
19,133,216,13499
19,133,21712,13570
19,133,222,13757
19,133,21711,15192
19,133,219,15366
19,133,215,13366
19,133,220,13991
19,133,213,13371
-,19,9104,12508
-,19,9027,12593
-,19,9105,12509
-,19,9021,13130
-,19,9028,12521
-,31,9908,14068
-,39,1114,13764
-,39,1116,13639
-,39,1117,11302
-,39,1115,13640
-,45,4067,14917
-,45,407403,14257
-,45,407902,12819
-,45,4095,13113
-,45,408103,13699
-,49,11,13475
-,45,4104,14936
-,47,9904,12025
-,47,9912,14954
-,49,12,32929
-,49,2,13472
-,49,18,13289
-,49,1,12891
-,49,3,15182
-,49,4,15183
-,49,6,14977
-,49,19,13471
-,49,14,12609
-,49,16,12608
-,49,8,12409
-,49,17,13285
-,45,410302,13291
-,47,9913,14841
-,49,5,14978
-,49,7,12408
-,49,9,13053
-,49,10,13290
-,49,13,13286
-,49,15,12407
-,49,11101,13476
-,49,10109,12761
-,49,22,13478
-,49,28,13473
-,49,10201,13583
-,49,106,16221
-,49,20,13474
-,49,29,13479
-,49,107,12743
-,49,10107,12760
-,49,30,12344
-,49,25,13469
-,49,26,13288
-,49,23,12341
-,49,27,13470
-,49,10103,15435
-,49,105,14979
-,49,11002,13740
-,49,10903,13741
-,49,21,12342
-,49,10101,13292
-,49,24,13477
-,49,10304,15397
-,49,11001,12744
-,49,11504,12027
-,49,11505,14489
-,49,11102,12343
-,49,11202,14685
-,49,11503,15347
-,49,11702,14490
-,49,11508,13287
-,49,119,14854
-,49,12202,15436
-,49,113,12028
-,49,11507,12892
-,49,116,12026
-,49,11701,14488
-,49,12002,12759
-,49,114,15348
-,49,11201,13211
-,63,9617,13676
-,63,9621,15198
-,65,9501,13743
-,85,308,13115
-,85,329,13117
-,85,317,14660
-,85,310,13116
-,85,322,13385
-,85,309,13114
-,85,301,16039
-,85,321,12202
-,89,3008,15627
-,85,330,12555
-,91,201603,13305
-,91,201604,13605
-,91,203901,14505
-,91,204010,13418
-,91,204102,13717
-,91,203602,13908
-,101,98,15418
-,101,99,15417
-,101,120,14892
-,95,15201,14176
-,95,157,15379
-,95,168,14078
-,95,17502,14728
-,101,45,12837
-,101,47,15556
-,101,3902,15447
-,101,3702,15332
-,101,38,15496
-,101,4202,12817
-,101,3901,12813
-,101,36,15613
-,101,46,15540
-,101,4201,12814
-,101,64,15419
-,101,82,15642
-,101,198,13323
-,101,186,13638
-,101,240,14185
-,101,216,14781
-,101,244,14189
-,101,247,13597
-,101,262,13564
-,101,255,13769
-,101,298,14379
-,101,296,13328
-,101,299,14380
-,101,3,13950
-,101,280,12623
-,101,287,14331
-,101,294,13324
-,101,297,15653
-,101,321,14692
-,101,320,14186
-,101,335,15582
-,101,325,14187
-,101,323,14693
-,101,35302,15427
-,101,351,13862
-,101,36203,14835
-,101,364,15925
-,101,365,15420
-,103,9501,15835
-,121,2001,15485
-,121,2004,14011
-,121,2005,12649
-,121,2010,15272
-,121,2003,16045
-,123,9710,15544
-,123,9703,15143
-,123,9706,15174
-,123,9714,16011
-,127,9605,15451
-,129,8075,14582